,z0,z1,z2,z3,z4,z5,z6,z7,z8,z9,z10,z11,z12,z13,z14,z15,z16,z17,z18,z19,z20,z21,z22,z23,z24,z25,z26,z27,z28,z29,z30,z31,z32,z33,z34,z35,z36,z37,z38,z39,z40,z41,z42,z43,z44,z45,z46,z47,z48,z49,z50,z51,z52,z53,z54,z55,z56,z57,z58,z59,z60,z61,z62,z63
A01_02_1FE,-0.17775565,-0.18728226,-0.006629201,0.07001676,-0.05735451,-0.22196604,0.095803834,0.015818367,0.14257267,0.038911268,0.2478178,0.0063977484,-0.026592946,-0.034093656,0.13451733,0.018979166,0.09255989,-0.10919156,0.008785408,-0.040061124,-0.25571308,-0.007953465,0.034706216,-0.10933832,-0.028371377,0.064509846,-0.033906654,0.0429098,0.0897903,0.04094351,-0.011599343,-0.035549466,0.036972985,0.008423785,-0.14746177,0.07824388,-0.18306744,-0.16833934,-0.1741382,-0.161369,0.15468183,-0.038125195,-0.061133012,0.05435857,0.15920886,-0.040872335,0.13904999,-0.012804243,-0.0039789323,0.015617905,0.15124199,0.0655124,0.10064073,0.14712854,-0.17064947,-0.098577216,-0.032817394,0.39417934,-0.031250656,-0.049439237,-0.0011844614,-0.13246757,0.104896195,0.122548684
A02_01_1FE,-0.08181513,-0.059778985,-0.09751418,0.036628738,0.0042023496,-0.10059409,-0.06603288,0.10928474,0.009824898,-0.046658635,0.16354877,0.11603024,-0.12599991,-0.10667494,-0.057041913,0.02812324,0.20021118,-0.027185403,-0.0054810457,0.008207357,-0.15843554,0.026022444,0.053091142,-0.03629025,0.045653358,0.10979139,0.08529782,0.010670161,0.087976515,-0.0174152,-0.16409679,0.032483526,0.1474135,0.04532848,-0.42985126,0.15905203,-0.15235204,-0.114893235,-0.08029936,-0.10350195,0.033111863,-0.09204617,-0.013365055,0.011083072,0.035355777,0.03310954,0.070467725,0.06718515,0.03372119,0.018342774,-0.024499785,0.0076880045,0.24193968,-0.035338216,-0.12855501,-0.059803497,-0.13660459,0.36489916,-0.06006746,-0.2508963,0.025669154,-0.046024658,-0.03376084,0.07137479
A10_01_1FE,-0.17072505,0.13137236,0.0045141745,0.044455063,-0.004154552,0.08214526,-0.20868745,-0.1383939,-0.24319404,-0.2424223,-0.26849183,0.10676835,-0.18371509,-0.04463371,-0.076795146,-0.24978547,0.16527188,-0.009924066,-0.20685937,-0.13168983,0.26644602,0.07601684,0.18746358,-0.043531872,-0.13983332,0.06660041,0.11761581,-0.0004901849,0.16518831,-0.036091067,0.0822697,0.101393536,-0.018740507,0.026242562,-0.21743712,0.031119425,-0.028578449,-0.045368128,0.01914434,0.03245508,-0.1538339,-0.008034444,-0.004497215,0.02209899,0.19384181,-0.029451013,0.04623312,0.0057354663,0.14956258,0.006690519,-0.014679278,0.19974823,-0.07006487,0.04472537,-0.13924196,0.028779361,-0.09883204,0.11692749,-0.033138692,-0.18140279,0.12094273,0.093450494,0.07817359,0.0335373
A10_02_1FE,-0.18197915,-0.02503955,0.039014425,0.006743491,-0.041995637,-0.01279173,-0.07451925,-0.10139652,0.047637623,-0.025778975,0.12680404,-0.16071802,-0.053866044,0.020929664,-0.018537242,-0.123882055,0.04735999,-0.03615883,-0.09627934,0.09756039,-0.004444496,-0.00072207116,0.019800274,-0.026660193,-0.025965104,0.0078092404,0.040802356,0.0999052,0.10982608,0.05054599,0.009285703,0.07852582,0.016881049,0.03985276,0.17492363,-0.048701596,-0.088385455,-0.08229217,-0.124970905,-0.119810924,-0.15472957,-0.05687951,0.02294534,0.030185917,0.091102585,0.040772654,0.034626346,-0.055125255,0.08791925,0.09649214,0.060502864,0.044736065,0.047455084,-0.014059506,-0.06821628,0.068442695,-0.111780524,0.39133856,-0.07552971,0.027816312,0.12060858,0.13550393,0.04655522,0.02184739
A11_01_1FE,0.059342053,0.08625621,0.010159948,-0.005250385,-0.08358335,0.1432126,0.11291727,-0.117744185,0.005344309,-0.036918115,0.12453573,0.059759215,-0.072072215,0.00197085,-0.046274625,0.03556813,0.122894816,-0.033578463,-0.015945401,0.056448698,-0.08538799,-0.071869954,-0.020887459,-0.061846018,0.10903532,-0.027291609,0.061890464,0.18728283,0.3433603,-0.17535496,-0.16353016,-0.062299505,-0.0853997,-0.087539084,-0.082122974,0.019157711,-0.2105042,-0.021462183,-0.036532976,-0.075982064,0.0012164712,-0.112786874,-0.13672353,0.15494345,-0.15402606,0.12864974,0.013733745,-0.049728263,0.04987966,0.04960218,0.10759078,0.06008183,-0.047465377,0.01622419,0.104729585,-0.19316192,0.16324812,0.18256685,0.19398135,-0.03777004,0.14139096,0.061186153,-0.0037116427,-0.09564982
A13_01_1FE,-0.17430907,-0.081912875,0.13542897,-0.0054860013,0.01801714,-0.075529784,0.03253673,-0.10025077,-0.041159466,-0.013348242,0.18911962,-0.047631856,-0.0026669991,0.025092162,-0.11170911,0.1733932,0.003384644,-0.06934729,0.13016784,-0.015420642,-0.06677681,-0.028161399,0.01995499,0.046155654,0.052063875,-0.03552816,0.031682197,0.06926995,0.15333039,-0.089256346,-0.1102515,-0.046085812,-0.0020597856,-0.1610119,-0.18063614,0.009015113,-0.22291146,-0.09460558,-0.120329164,4.089717e-05,0.01138223,-0.09537391,-0.023813196,0.1370839,-0.06989245,0.00308894,-0.0042069796,-0.052411307,0.06986526,0.056125425,0.032512367,0.08522335,-0.04385736,0.17641345,0.07313476,-0.13294928,-0.06729403,0.42460364,0.24333301,-0.018861935,0.08256836,-0.031193992,0.028257594,-0.0027275337
A14_01_1FE,-0.05556608,-0.01668934,-0.05111147,0.021185234,-0.06171546,-0.073488995,0.012082964,0.14752944,0.24641053,-0.03364717,0.2276134,0.23339681,-0.02723984,-0.05514138,-0.014651276,-0.07779376,0.14351922,-0.068290174,0.07906709,-0.017864514,-0.10584604,-0.024040326,0.10529715,-0.09015574,0.012742283,0.08045607,0.032480337,0.016657185,0.19816095,-0.03208082,-0.04995404,-0.08010459,0.13194591,0.028478093,-0.51797837,0.30671504,-0.1238217,-0.08734447,-0.094837055,-0.119731136,0.11974572,-0.08978774,-0.10719981,0.08286986,-0.023401907,0.11463408,-0.03293757,0.12163778,0.0041256566,-0.020122252,0.034754112,-0.03267821,0.15203291,-0.046951413,-0.08983691,-0.061504554,0.118112534,0.2226603,-0.0012713782,-0.0916208,-0.098317415,-0.18200949,-0.07532657,0.12064648
A19_01_1FE,-0.002364453,-0.122240506,-0.07469827,0.008020122,0.054902866,-0.15242773,-0.013891372,0.17689121,0.13229322,0.13436072,0.030281227,0.113158025,-0.135148,-0.030110192,-0.024800688,0.07394056,0.08947156,-0.06746699,0.1695423,-0.03291218,-0.14465897,0.01706282,0.009310707,-0.019323137,0.03472741,0.20456542,0.025089718,0.011855632,0.033113662,-0.034326002,-0.1554932,-0.026154347,0.15927,-0.012921861,-0.6045912,0.31583568,-0.2746822,-0.11721628,-0.17926073,-0.03681043,0.1697752,-0.03681515,-0.016745819,-0.007552959,-0.09304567,0.027273871,0.0027070232,0.0062930724,-0.0440218,0.0514951,-0.05201309,0.02525656,0.24065329,0.08129757,-0.038310006,0.031465642,0.08418541,0.117373586,-0.04345783,-0.17725746,-0.0603413,-0.122376636,-0.09399178,0.029933613
A20_01_1FE,0.080499396,0.0013273619,-0.08655152,0.034254882,0.017280227,-0.16456404,-0.054406773,0.18920931,0.19312012,0.040823102,0.051421918,0.1781013,-0.11123897,-0.07553193,0.0045059845,-0.028152293,0.07911248,-0.029731292,0.077903174,-0.08834386,-0.09709686,0.0003161505,0.016773773,0.018696925,-0.021313483,0.12763171,0.07005079,-0.058405124,0.07283142,-0.0005351277,-0.050024528,-0.025800118,0.11966175,0.037176218,-0.688985,0.42760816,-0.23961043,-0.07115904,-0.13776524,-0.07240029,0.20384437,-0.03155248,-0.03284548,-0.0051353946,-0.10008413,0.034840055,0.046487037,0.076749355,0.002693199,0.018811194,-0.060413964,0.06568652,0.13886917,0.05787801,-0.07982999,-0.020628817,0.015127249,0.057512723,-0.0066471063,-0.29289177,-0.10010575,-0.18147253,-0.0863218,0.052677948
A22_01_1FE,-0.023832612,-0.07745315,0.036288023,-0.02808201,-0.17683215,-0.14836489,0.037920862,-0.011954693,0.258242,0.10855538,0.13539535,-0.0030617868,-0.15986481,0.07297229,0.17046511,-0.22145258,-0.054714933,0.016152812,0.03171261,-0.043950617,0.02530001,0.06438144,0.1048484,-0.08616501,-0.022089096,-0.024340944,0.087105915,-0.075002566,0.076607145,0.14341769,0.10442735,-0.022095965,-0.14634888,-0.037750017,0.09359955,0.08692494,0.002885867,-0.005518319,-0.11848404,-0.020780534,-0.081422985,-0.023579698,0.03623235,0.036918007,0.071220644,0.07791138,0.08397554,0.08343251,0.07231491,0.07202941,0.134055,0.10739393,-0.24719469,0.028704599,0.021683011,0.06742709,-0.112736434,0.40028465,-0.087460555,0.022681491,0.12585457,-0.110262096,-0.027865125,-0.045303456
A23_01_1FE,-0.15654232,-0.06555094,0.048234563,-0.016199704,-0.045864828,-0.16261648,0.021101203,-0.16096629,-0.113880455,0.022807484,0.16738151,-0.011098049,-0.002858195,7.1997754e-05,-0.054515272,-0.032172557,0.0105362125,-0.06383339,-0.012485109,0.19678469,-0.22290288,0.09445864,0.12080777,-0.013971552,0.06697935,0.013116406,-0.013892184,0.14841121,0.058698654,-0.12117227,-0.2617187,0.07181557,0.029278219,0.040782884,-0.17948237,0.1429889,-0.21471012,-0.13558292,-0.21362266,-0.050284524,0.020447107,0.03372994,-0.050658584,-0.010189546,-0.29634428,-0.015212392,-0.09371027,-0.045990467,0.033432893,0.031035772,0.116047546,0.060900424,0.098695055,0.080010496,0.061193615,-0.012712533,-0.008948466,0.37988102,0.0405096,0.197298,0.18260424,0.042151082,-0.054392837,-0.05349906
A24_02_1FE,-0.17572373,-0.05618596,-0.057780094,0.013927035,-0.067599565,-0.0023267511,0.0062144343,0.09998759,0.20043063,-0.103551,0.33595753,0.12904684,-0.033786695,-0.026040658,-0.068552926,-0.022406453,0.11615456,0.018874532,0.113729194,0.058857188,-0.19089675,-0.0428008,0.10454961,-0.05467809,0.026723687,0.04242275,0.0028158126,0.037953895,0.15027225,-0.008461211,-0.030865155,-0.06870272,0.05105893,0.06436136,-0.31294394,0.25594822,-0.005244339,-0.05944971,-0.058502503,-0.100323275,0.11451614,-0.088320374,-0.10440324,0.07318142,-0.011960898,0.111315906,-0.01388346,0.11409822,0.027139872,-0.04798544,0.012900034,-0.05082631,0.1365607,-0.02064874,-0.058945164,-0.07498661,-0.03785866,0.35704526,0.021990944,-0.10561108,-0.065830044,-0.122088164,-0.024285534,0.057886027
A25_01_1FE,-0.037124135,-0.03754647,0.03190084,0.003517103,-0.20284787,-0.14962459,0.04294884,-0.1055172,0.14608093,-0.041232515,-0.028527506,-0.09196043,-0.20826866,0.037781954,0.1528776,-0.21344703,0.011350455,0.001396832,-0.038943987,-0.014866786,0.06951671,0.09458461,0.07236059,-0.03664197,-0.0031633247,-0.026478825,0.07290023,-0.004028501,0.154561,0.16205743,0.03844179,-0.024330052,-0.087769076,-0.01055954,0.10380124,0.02989592,-0.0077484315,-0.02379072,-0.09672125,-0.14549619,-0.13231245,-0.05999528,-0.08675444,-0.035835236,0.07831887,0.094276264,0.06803742,0.097083725,0.034629483,0.11860433,0.16395168,0.14921212,-0.22448443,-0.039561965,-0.01277595,0.062731236,-0.16526954,0.39130798,-0.11601969,-0.046770517,0.1063061,-0.018850278,0.013540078,0.05398324
A27_02_1FE,-0.04659871,0.029827893,0.019940864,-0.015729398,0.023039673,0.07311657,-0.08244093,-0.22160096,0.13220656,-0.055119604,0.21739222,-0.10346193,-0.024008952,0.041358247,-0.07807382,-0.15618278,0.020769546,-0.04077814,0.041014127,0.116843924,-0.021860013,-0.03392031,0.07179333,-0.04664948,-0.057292126,-0.042938717,0.047116324,0.14549196,0.015435474,0.08476919,-0.042711914,-0.095279105,0.040422518,-0.035944622,0.14525014,0.015584854,0.07279867,-0.016024679,-0.06540073,-0.011082755,-0.07253514,-0.03173465,-0.11996212,0.042381205,-0.0022250116,0.008396607,-0.0025822408,-0.045548555,0.024976362,-0.03061523,-0.010251672,-0.030479819,-0.11331388,-0.05952415,-0.011717156,0.13001852,0.15726781,0.4469264,0.05128763,0.06928386,0.06914037,0.019071698,-0.030529061,-0.118039526
A29_01_1FE,-0.014055647,-0.0321053,0.03044928,0.039415177,0.01833085,-0.07227822,0.0057688337,-0.13016893,-0.04623697,-0.018106287,0.11767309,-0.08714118,-0.2010882,-0.0030238377,-2.3137778e-05,0.03815377,0.046647977,0.012766162,-0.02468668,0.06459123,-0.03930854,0.06380162,-0.004101721,0.17096534,-0.020431155,-0.018298237,0.021604571,0.048930317,0.18297124,-0.06414545,-0.105391234,0.08144003,0.032467037,-0.17012969,0.040311884,-0.026499573,0.021753157,-0.027757928,-0.11157504,-0.047826197,0.012895816,-0.028685702,-0.07461679,0.012896022,-0.009489838,0.059080034,0.025750283,-0.016645487,0.08267572,0.073021665,0.05879295,0.12633184,-0.05559766,0.033712316,0.051731624,-0.16497435,0.046598982,0.4051,0.121920206,-0.082871154,0.09988518,0.041426435,0.008248351,-0.053206448
A34_01_1FE,0.02759712,-0.035922155,0.04669732,-0.0005867977,-0.20888568,-0.20417291,-0.0002885256,0.088727154,0.22905703,0.018090537,0.017782584,0.0116904965,-0.20526496,-0.06365976,0.18992153,-0.15915802,-0.04587084,0.051753405,0.019289704,-0.043367967,-0.02452184,0.12754726,-0.0020469995,-0.042565927,0.015045347,-0.11168115,0.15724477,-0.06665292,0.16314703,0.17193967,-0.02973215,-0.059482437,-0.088975295,-0.0053114914,-0.051615953,0.12352054,-0.07213762,0.023598582,-0.1339032,-0.09657571,-0.08768684,-0.044056755,-0.02640505,-0.03151303,0.018943775,0.18381672,0.11883706,0.106261946,0.08198104,0.07493881,0.0901262,0.18360466,-0.18986465,0.0022678003,0.0026448742,-0.026405677,-0.18048167,0.38947636,-0.016571939,-0.09358423,0.14698067,-0.07748874,-0.015580924,-0.028014334
A34_02_1FE,-0.19560546,0.09773462,0.054122973,0.044034258,-0.10360505,0.04732329,0.011656888,-0.09059343,-0.06937636,-0.10166956,0.00488076,-0.008936751,-0.1830154,0.05888355,0.08789134,-0.14178129,0.11506913,-0.098209865,-0.07799466,0.14689626,-0.0053363927,0.008383415,-0.13666773,0.013367003,0.04693105,0.20818333,0.06433343,0.1572217,0.12938195,-0.018700909,-0.03849884,0.117906444,0.06619461,-0.1762979,-0.07579118,-0.10189828,-0.1064924,-0.02471872,-0.060105003,-0.22109121,-0.12112072,-0.13066222,-0.1000113,0.18800947,0.0008115773,0.090548836,-0.049012884,-0.07849019,-0.00080361683,0.09795286,0.09648578,0.076582484,0.016217712,0.035189148,-0.11439705,-0.0772568,0.034221638,0.2025792,-0.0626904,0.081794366,0.06122196,0.24641234,0.07818058,0.034200724
A36_01_1FE,-0.1813285,-0.0814147,-0.043686163,0.0146073215,-0.052904762,-0.12035294,-0.05022608,0.036143336,0.11062515,0.13132967,0.24890669,-0.0023602908,-0.009703881,-0.020595528,-0.11190345,-0.030718254,0.049278703,-0.06454673,0.10473247,0.0077016093,-0.18574522,-0.01657416,0.10899916,-0.13506478,0.066543326,0.07015761,0.04300536,0.01632062,0.023853306,-0.045684945,-0.070111565,0.021961648,0.06024271,0.08792905,-0.28863057,0.14414795,-0.17838745,-0.1440365,-0.18761781,-0.09146617,0.10945684,-0.10516171,0.05206701,0.07744789,-0.03516414,-0.006405048,0.047666725,-0.029122673,0.04298338,-0.025246646,0.019463206,0.085907266,0.23238377,0.07129156,-0.10533424,0.04109979,-0.08834557,0.47661096,-0.10729156,-0.047330532,0.110231586,-0.005157093,0.010612359,0.013351299
A36_02_1FE,-0.040033475,-0.0012243036,0.06284761,0.005242185,-0.1360807,-0.24265625,-0.093570314,0.02243418,0.026666049,-0.14192384,-0.040106367,-0.056119896,-0.09949037,-0.048992865,0.05661527,-0.13308153,-0.019269062,-0.019153088,0.02946744,-0.11703269,0.06793178,0.133804,0.11821606,0.0046374537,-0.03918606,-0.106611475,0.123290055,-0.0848863,0.1289567,0.097248755,-0.028765403,-0.08477185,-0.026641622,0.010979554,-0.14743784,0.19556186,-0.12264341,-0.05279004,-0.09119473,-0.014490426,-0.02888164,-0.0545034,0.034797184,-0.021976944,-0.055944644,0.073058635,0.08522841,0.06625176,0.13031621,0.034179106,0.021085454,0.25189888,-0.113081306,0.029025305,0.013899032,-0.02018316,-0.2700496,0.5480711,0.032634806,-0.13329485,0.12971114,-0.096720584,0.0062047215,0.053926874
A39_02_1FE,-0.0059096776,-0.12879246,-0.2143031,0.029613411,0.088460974,0.19509573,-0.03971549,0.1774693,0.3253238,0.22984716,0.040019482,-0.07309549,-0.00790657,0.09636389,-0.043050006,0.031637833,-0.15041335,0.12798499,-0.05380961,-0.046329305,0.14743714,-0.10548994,-0.020823054,0.02786407,-0.16161355,-0.16693473,-0.032542054,0.042815596,0.033868898,0.12248755,0.07658541,-0.05707435,-0.0672874,0.059431724,-0.012920121,0.17070471,-0.15872595,-0.043873116,-0.17714752,0.042501897,0.10561094,0.11020295,-0.03604916,0.043825917,0.05044008,0.09811057,-0.009381071,-0.057402845,0.05069728,-0.0061013363,-0.024240691,0.19405836,0.20405965,0.2428199,0.13362466,-0.08492191,0.11049755,0.24617997,0.079752624,-0.08352818,0.0052345763,0.120892756,0.06596858,-0.003907524
A40_02_1FE,0.18113695,-0.048913162,0.07704881,0.033083037,-0.131798,-0.27228808,0.16798335,0.024770828,0.07870905,0.22772579,0.17418574,-0.24280047,-0.055070497,0.06741083,0.074842796,-0.017765526,-0.0026047055,-0.15823784,-0.015166491,-0.20686497,-0.11068157,-0.0048428494,0.05802412,-0.048715644,-0.013986839,0.004591599,-0.075651504,0.031612545,0.0957232,-0.059947137,-0.11699395,0.0959562,0.030320967,0.08900938,-0.25979504,0.15909962,-0.03813883,-0.1459696,-0.17550631,-0.110867664,0.014917694,-0.079459935,0.0064942394,-0.07042067,0.08342635,-0.09702446,-0.05829869,0.052724436,-0.06711629,0.035955206,0.04028508,0.10453993,0.11291309,0.2539549,-0.13730612,0.101111844,0.1098361,0.15739238,0.05097451,0.0086127445,0.09770951,-0.06604819,-0.015609423,0.19940855
A41_01_1FE,-0.023443952,-0.06792556,-0.057640195,-8.49755e-05,-0.13909492,-0.13530381,-0.09164253,0.09844344,0.25128463,0.0051560192,0.16337253,0.12779737,-0.17418048,-0.118712604,0.103753485,-0.20205104,0.0702362,-0.01776405,0.06494648,0.02301306,-0.12651776,0.018004507,0.032114174,-0.089038976,-0.029711032,0.10202732,0.15756021,-0.0235959,0.038125463,0.1103944,0.02824803,-0.08450085,0.008831443,0.025169738,-0.30951422,0.19132164,-0.1964991,-0.069490336,-0.09735016,-0.15273786,-0.029336024,-0.15069568,0.013066754,0.04058776,-0.029264068,0.15295985,0.057760242,0.06273547,0.056579642,0.06390025,0.03509123,0.033578273,0.100132495,-0.13478406,-0.050288104,0.06560969,-0.0889325,0.4292245,-0.1926601,-0.10794788,-0.0034497064,-0.006254354,-0.035209194,0.031631123
A42_02_1FE,-0.13329977,-0.070384406,0.1029796,-0.048050392,-0.040416613,-0.013265186,0.0138100535,-0.1879287,-0.19876297,-0.017232794,0.03474685,0.13989119,-0.02998939,0.07429876,-0.094302796,0.055104394,0.045416962,-0.004108942,0.046664033,-0.03231573,0.085842155,-0.090458326,-0.03124442,-0.032696128,-0.07529485,-0.05673433,0.072201505,-0.022044871,0.04282636,0.020325206,0.14833568,0.0064273616,-0.112409785,-0.1004733,-0.2832058,0.024838908,-0.09317122,-0.10204888,0.07294477,0.06897825,-0.30203524,-0.14709789,-0.009340318,0.11634162,0.037446477,0.09354474,0.0030249953,-0.13170004,0.13542423,0.06431441,-0.023899829,-0.059023723,-0.16334112,0.08348279,0.18363705,-0.09352608,-0.031047398,0.29836994,0.22781792,-0.0929925,0.021667324,0.14511003,0.017655168,0.14251831
A43_02_1FE,-0.1452246,0.051521733,-0.008477991,0.029500833,0.030497719,-0.048161328,-0.09088721,0.11695494,-0.006160181,-0.20729963,-0.0068509793,0.055249464,0.0223261,-0.02849985,-0.049354844,-0.06695974,0.103780866,0.07554191,-0.032206234,-0.05030501,0.06556706,-0.01820898,0.046559535,-0.042333394,0.00024392642,-0.05605884,0.07869005,-0.008086335,0.048581347,0.117080994,-0.15000653,0.05672956,0.080882415,0.12781516,-0.20202282,0.16572544,-0.050646514,-0.009955253,-0.11007005,-0.012939849,0.075756505,0.050089475,-0.008533384,0.035002068,0.15310004,0.048079364,0.132146,0.014020057,0.079106554,-0.091780424,0.007824458,0.23269336,-0.016711041,0.26542807,-0.12579861,-0.1133402,-0.17531787,0.4472343,0.044921797,-0.23013231,0.056108147,-0.0870584,0.037720054,0.09433043
A44_01_1FE,-0.04915213,-0.05894345,-0.0056754635,0.0038632099,-0.054671295,-0.07569691,0.08419985,-0.055523664,0.060873237,0.05070798,0.237999,0.18303019,-0.050105862,-0.07921134,-0.078160994,-0.076961115,0.124965094,-0.08112994,0.110089526,0.0034681745,-0.21831185,-0.047731392,0.050052993,-0.15315938,0.098167636,0.11386471,0.054809358,0.1359762,0.13508835,-0.12381728,-0.13531505,-0.13144472,0.0422565,-0.0013604527,-0.20110074,0.15735975,-0.22738828,-0.087011546,-0.1693155,-0.06396124,0.011234305,-0.10005055,-0.019527657,0.09511527,-0.13220003,0.01841718,-0.03762573,-0.009337914,0.07601421,0.050399262,0.10926798,0.12001932,0.06769402,0.057335913,0.04682062,-0.12365885,0.061312746,0.43451703,0.124896646,0.036541082,0.040682916,-0.16443397,-0.031153185,-0.054133955
A45_02_1FE,-0.1434255,0.047306865,0.040120866,0.030468559,-0.10452624,-0.117023885,-0.11528039,-0.17821456,-0.030302577,-0.1960188,-0.18180388,0.06031558,-0.04369561,-0.10988901,-0.07564934,-0.14442198,0.029960964,0.12425141,-0.034145642,-0.016411602,0.13928232,0.047380608,0.07767743,-0.008326717,-0.0012048092,-0.048038602,0.11452925,-0.009905517,0.05085125,0.12546483,-0.027502801,0.03181185,-0.0528759,0.102285616,-0.018504705,0.054883234,0.061276093,0.059501737,-0.12094726,-0.10571378,-0.03682891,0.0097961575,-0.116002955,-0.04907035,-0.02111739,0.003357429,0.13470371,0.025418445,0.14654747,0.0225161,0.047159657,0.18742895,-0.10173324,0.1247323,-0.12633461,-0.051595,-0.16005664,0.5158118,0.0829449,-0.17133544,0.1362703,-0.03888538,-0.012918796,-0.02492123
A46_01_1FE,-0.11821321,-0.03331381,0.07097206,-0.018687751,-0.06897181,-0.18845691,-0.1287377,-0.07957224,-0.11752787,-0.2299884,-0.14879596,0.020284988,-0.068827316,-0.10991049,-0.15441272,-0.03176228,0.08097881,0.13177833,-0.028164338,0.016743882,0.0018720976,0.03649461,0.18351859,0.09144438,-0.07275688,-0.12740695,0.07894282,-0.08967427,-0.032479666,0.07732605,-0.061806276,0.070184566,-0.07601385,0.11472843,0.010191683,0.030066088,0.083334416,-0.019710712,-0.05593001,-0.041418575,-0.18226162,-0.022709021,-0.11716405,-0.055178054,-0.15718621,-0.049637765,0.0347838,0.12469306,0.12409083,0.08657859,0.08714279,0.057137907,0.06972264,0.18730569,-0.13786417,-0.14206262,-0.14779457,0.4484171,-0.001517795,0.045542788,0.21950345,-0.037559927,-0.096027866,0.07383212
A47_01_1FE,-0.105068356,-0.02368887,-0.11828951,0.057750307,-0.04029648,-0.083002836,-0.12115,-0.032614395,0.0068305433,-0.014272746,-0.07294299,0.13809353,-0.21596907,-0.18147472,0.046046425,-0.17631678,0.22203322,-0.072478004,-0.05559657,-0.010217624,-0.09426313,0.029015426,0.037505195,-0.061916433,-0.060172983,0.21284583,0.1511977,0.06059914,0.08162196,-4.948117e-05,-0.038622275,-0.004630188,0.1287363,-0.06671943,-0.46092603,0.15264606,-0.16991174,-0.14383963,-0.10006372,-0.13999586,-0.07440059,-0.16925642,-0.10245787,-0.0076503474,0.09820874,0.07588533,0.083330184,0.005937959,0.10223648,0.06324521,-0.016030861,0.09657363,0.101330906,-0.13754109,-0.0906969,0.019993335,0.048148405,0.31883425,-0.10987767,-0.26194465,0.0003430976,0.052134734,-0.026217723,0.07721604
A48_01_1FE,-0.14156418,-0.06161018,-0.037354514,0.019386342,-0.086981095,0.0027746558,-0.1057507,-0.16095193,0.0045352913,-0.099175885,0.09518279,-0.060907423,-0.07450522,-0.04997696,-0.079129145,-0.13723542,0.017135357,-0.091487765,-0.021705657,0.048822068,-0.06535901,0.04104521,0.11693092,0.0038667098,0.009518344,0.025779271,0.11897014,0.06230066,0.077168405,0.018304564,-0.007916401,-0.02327499,-0.05475579,0.00085518043,0.017652238,0.11929473,-0.04120885,-0.11944898,-0.11893933,-0.056273542,-0.002764348,-0.06365767,-0.02317003,0.017105097,-0.099524334,0.03404814,0.042476017,-0.007871599,0.19027355,-0.010198314,0.050506808,0.1823262,-0.14039703,-0.0014533475,0.050070293,0.07542893,-0.19195476,0.5328112,-0.050606824,-0.02184896,0.09522048,0.034218393,0.019269872,-0.088099405
A48_05_1FE,0.0857887,-0.046429876,-0.086408675,0.032054428,0.047525197,-0.12252359,-0.06293653,0.19115686,0.22755887,0.099706456,0.0028662086,0.17884457,-0.05811868,-0.044567734,0.09187104,-0.057116807,0.08630983,-0.073578104,0.08102244,-0.07290759,-0.076743275,-0.043742076,-0.08125717,0.0008201599,0.009549646,0.2429673,0.05362752,-0.007230606,0.013475185,-0.0024250587,-0.07011817,-0.0046795625,0.18818827,-0.018551556,-0.631942,0.30847698,-0.2537818,-0.080478616,-0.13762195,-0.11153085,0.13674664,-0.084904894,-0.03672152,0.0071674753,-0.059839115,0.055015266,0.058825184,0.020246182,-0.02441309,0.051778164,-0.10722226,-0.010941036,0.16287076,0.065909445,-0.07595144,0.07805309,0.10598467,-0.050452985,-0.026064575,-0.3591417,-0.11851216,-0.062889546,-0.06101706,0.06929949
A49_01_1FE,0.013730089,0.11418649,0.086819544,0.015616862,-0.09018553,-0.13918242,0.03680208,-0.24755199,-0.05411656,-0.047206227,-0.18929638,-0.25262114,0.06957106,0.086429946,-0.016089663,-0.12857224,0.0028422847,-0.11973378,-0.09015533,-0.21053447,0.30411404,-0.038093414,0.12926765,0.008147692,-0.030253476,-0.043311313,0.02961889,0.0032355739,0.14683998,-0.08036564,-0.0071204975,0.12881084,-0.083447844,0.058702104,-0.035444498,0.076441035,-0.024907373,-0.070188105,-0.1184965,-0.054824907,-0.05246478,0.009884361,0.06954246,0.020405123,0.15995048,-0.12007579,-0.009501202,0.00739881,0.08744643,0.050317712,0.031840272,0.18172029,-0.101295546,0.16716129,-0.19810563,0.05929343,-0.040830027,0.39796042,0.11734225,-0.06185463,0.13842775,-0.07591102,-0.058643006,0.16327666
A54_02_1FE,-0.06665939,-0.048512064,0.0041195014,0.0024342076,-0.11042546,-0.21794464,-0.0893504,0.073205836,0.13719353,-0.023535458,0.1934523,0.058452547,-0.109408565,-0.12270653,0.00419401,-0.100598246,0.082992174,0.032925963,0.12610121,-0.002371218,-0.17989178,0.04922758,0.12412591,-0.019096363,-0.03720084,0.09004622,0.16764665,-0.02225218,0.064167626,0.0071432665,-0.03954988,-0.0925408,-0.037558723,0.030910332,-0.36885515,0.2737422,-0.14296058,-0.03893761,-0.18815352,-0.08210044,0.062461708,-0.09720187,0.0026033386,0.0066596996,-0.14511587,0.06976921,0.06709832,0.053294227,0.08562144,0.0334562,0.008884622,0.15961093,0.056943636,-0.04006613,-0.025346175,-0.009049028,-0.19369921,0.5082215,-0.034421787,-0.17180628,0.012018817,-0.13037978,-0.053008154,0.0077622784
A56_01_1FE,-0.100673094,-0.044238903,0.042099006,0.0016483469,-0.07761675,-0.07943732,-0.034105226,-0.120459445,0.13229428,0.009694032,0.13487013,-0.048571438,-0.16581678,0.011411099,-0.030083247,-0.15882501,-0.06475093,-0.013347055,0.063162275,0.072127245,-0.0330797,0.11064254,0.12202893,-0.029231496,0.037007667,0.028476985,0.061293844,-0.04031868,0.054471463,0.111853756,0.06592046,-0.015155625,-0.053201903,-0.043941256,0.06354557,0.03934867,-0.061277546,-0.051615827,-0.16730314,-0.04440782,0.0041538225,-0.06256767,-0.062302746,0.00992999,-0.07730847,0.05708088,0.10062502,0.015869273,0.09980418,0.07967022,0.039980114,0.18096367,-0.17505136,0.018964622,0.01220347,0.08975145,-0.1312969,0.5398151,-0.07033887,-0.06398769,0.15930867,-0.05496782,0.0019430085,-0.10468453
A58_01_1FE,0.18910292,-0.084127136,-0.118249394,0.06715346,-0.0018195594,0.015961982,0.08362636,-0.21729262,0.030041065,-0.048375852,-0.031246275,0.019372068,-0.11472837,0.0533247,0.16848853,0.108605325,-0.09486284,0.028813493,-0.00095301494,-0.0009981636,-0.11595757,0.0061777933,-0.10742496,0.088901386,-0.058603257,-0.07545588,0.083269246,0.13862434,-0.09228427,-0.0029120194,-0.20397465,-0.1328569,-0.11495562,-0.012813794,-0.008362226,0.038979273,0.20317684,-0.0021855906,-0.04065624,-0.106673926,-0.062440272,0.25685632,-0.27470574,0.0020851996,0.007844062,-0.059108693,0.038915295,-0.053350072,-0.046054237,-0.087549716,0.046726666,-0.05730898,-0.1980258,-0.13458368,-0.18899906,-0.09880361,0.16531676,0.21236727,0.07393043,-0.008860876,0.15355451,0.12922736,0.070872925,-0.06294525
A62_03_1FE,0.1081165,-0.04367528,-0.07395018,0.04659692,0.12557662,-0.14122637,-0.007203567,0.1660803,0.2058194,0.13080695,0.007828493,0.24013066,-0.03644145,-0.08237499,0.061640143,-0.06250931,0.08168579,-0.05768127,0.033053152,-0.0917868,-0.040985316,-0.082554534,-0.03998341,0.045646608,0.025812,0.2992836,0.036252458,0.027524352,0.058176942,-0.053621832,0.0075213313,0.023628077,0.12743258,-0.034294695,-0.6543153,0.36593032,-0.28471357,-0.08703621,-0.18142436,-0.07124662,0.140108,-0.10923347,-4.077016e-05,0.025645977,-0.07914734,-0.058826365,0.027005691,0.023586571,-0.0051963516,0.07437204,-0.07717177,0.02703508,0.10452813,0.07804186,-0.019137263,0.043750223,0.10730083,-0.15443102,0.024809837,-0.35282242,-0.1222027,-0.1374417,-0.044336013,0.018336622
A66_02_1FE,0.07475599,-0.017622575,-0.018891191,0.041238695,0.0599529,-0.19097304,0.016017485,0.12461318,0.17101939,0.10167026,0.07686537,0.14939821,-0.066862226,-0.10054973,0.003271725,0.012404401,0.061890252,-0.06946403,0.10279435,-0.072435744,-0.07770154,-0.04544057,-0.0011036047,0.017923081,0.03822862,0.19990756,0.028948642,0.012436069,0.084791675,-0.054742463,-0.068208694,-0.0007650416,0.12920977,-0.022186562,-0.67713416,0.3737533,-0.32641658,-0.1036902,-0.18242629,-0.07320027,0.21417911,-0.11450584,-0.026573574,0.055754565,-0.08672332,-0.028547715,0.017186001,0.027571928,-0.0061777057,0.05101395,-0.04249447,0.07491447,0.13676377,0.09569671,-0.07305735,-0.014189824,0.11041205,0.083609805,0.0466542,-0.22387962,-0.06809029,-0.17701751,-0.05949516,0.050091296
A70_01_1FE,-0.16209538,-0.055537663,0.0016043382,0.0071580545,-0.15429512,-0.19041567,-0.060668398,-0.02661599,0.1454783,-0.13799058,0.17531322,0.010211288,-0.007242606,-0.012086394,0.053995356,-0.15389073,0.14517765,0.07502146,-0.0056615435,-0.050655995,-0.15659556,0.024437731,0.12853219,-0.13910112,-0.02392293,-0.016101414,0.08311552,0.0211594,0.11196528,0.028711092,-0.053168286,-0.079005644,-0.031152721,0.07741662,-0.096662745,0.241498,-0.061802283,-0.05023011,-0.082696475,-0.07018908,0.00169475,-0.048348855,-0.04007769,0.022925003,0.05351059,0.03896822,0.12649119,0.09274668,0.062426932,-0.018238965,0.119500205,0.15798646,-0.10182206,0.016145624,-0.047486566,-0.03714035,-0.20829488,0.54643464,-0.02975434,-0.14617123,0.086084604,-0.12901679,0.040854737,0.043953173
A72_01_1FE,-0.10587968,-0.027726974,-0.015765242,0.014495334,-0.052407853,-0.11004911,-0.08758038,-0.21011855,0.0010354184,-0.22479989,-0.1397438,-0.0191501,-0.08807297,0.011432088,-0.03633485,-0.13979521,0.05375929,0.11159701,-0.034725215,0.034970723,0.19369054,0.06701,0.10793541,0.057041783,-0.021706523,-0.04758697,0.0020607817,-0.010110024,0.06610352,0.04018331,-0.02430516,0.043750245,-0.031283416,0.10254624,0.13798174,0.06027062,0.00883753,-0.0043031685,-0.03922499,-0.02427006,-0.0074952114,0.060036022,-0.103494234,-0.0118692145,0.015264912,-0.010807872,0.061946597,0.04933788,0.08628119,0.05319323,0.054265432,0.049261514,-0.07731114,0.019633245,-0.09620234,-0.02338323,-0.17611626,0.5707736,0.08809314,-0.09982922,0.11408296,-0.036929324,0.01822097,0.022003876
A72_02_1FE,-0.16261195,0.026198942,0.04800096,0.029141532,-0.08688372,-0.09226836,-0.20893404,-0.086253576,0.006203238,-0.2517937,-0.03478881,-0.028996889,-0.022886567,-0.015095067,-0.12651408,-0.14440373,0.082315475,0.03498992,-0.021359257,-0.03823486,0.06264928,0.12245376,0.118497215,-0.0287399,-0.06329706,-0.06399456,0.07438599,-0.015496999,0.15241325,0.0045061614,-0.040033065,-0.016575968,0.08563654,0.0041507035,-0.110020496,0.13913384,-0.03830519,-0.033108484,-0.0537704,-0.06027865,-0.019204859,-0.023366392,-0.091881104,-0.0056141727,-0.051941477,0.042173274,0.045460757,0.031898748,0.108860664,0.003028716,-0.0055137808,0.17507929,-0.064132854,0.07673014,-0.10763779,-0.03968547,-0.097936854,0.54780835,0.043308802,-0.14636,0.11154635,-0.025648737,0.0038596066,0.04519524
A73_01_1FE,-0.12040047,0.011062879,-0.06316835,-0.022098187,-0.1321086,0.014255054,-0.0023379717,-0.0818327,0.015075706,-0.015845764,0.12745294,0.047301393,-0.0034030762,0.19593605,0.024584878,-0.10579473,0.03367857,-0.005386249,0.17248781,0.1532255,-0.08921029,-0.043605573,0.09366474,-0.0916492,0.015444976,0.044198915,0.020311046,-0.019257106,-0.03251815,0.05770617,-0.0060247667,0.05680495,-0.026268478,0.02418346,-0.029379897,0.09705922,0.025260506,0.011079458,-0.09681066,0.019232936,0.19298764,-0.040257275,-0.049330723,0.18468636,-0.06909843,0.06903786,0.14477478,-0.1497603,0.06174969,-0.048236955,-0.056592986,0.026293196,0.019591507,0.19383365,-0.1330616,0.036412533,0.0117453,0.51071477,-0.000938572,-0.13095531,0.108147845,0.052392527,-0.031739444,-0.05906832
A81_03_1FE,-0.15397005,-0.04288196,0.040371228,-0.0024801802,-0.050395794,-0.1059251,-0.09222739,-0.06619925,-0.03175538,-0.21597445,0.048860356,-0.03568872,-0.051692933,0.00821644,0.02001634,-0.18735817,0.037179537,0.0015506018,-0.034988437,0.039936513,-0.014742553,0.095704146,0.16683584,-0.023044538,-0.08608627,-0.011146536,0.0599536,-0.040991027,0.03379117,0.087696195,-0.017741852,0.011659765,-0.060938086,0.025499027,0.04143001,0.10164733,-0.08804587,-0.083610214,-0.07854704,-0.018888999,-0.041486625,-0.0006163176,-0.046807334,-0.011569342,-0.0889998,0.0133571625,0.099353775,0.037183683,0.11314677,0.046355985,0.07722882,0.16728559,-0.07192965,0.057621606,-0.037440374,0.003464195,-0.29894197,0.5762588,-0.025062308,-0.067432605,0.15108313,-0.035507523,0.045406617,-0.010433846
A82_02_1FE,-0.019792225,-0.019794276,-0.028110016,0.04777289,-0.13080634,-0.098887324,0.021681946,0.11078892,-0.12271699,-0.019403907,0.21838754,-0.0004469212,-0.12565653,-0.027849823,0.13720655,-0.029459832,0.04398479,-0.028637942,0.016260566,0.14570224,-0.2784546,0.057820197,-0.009965874,0.0023448542,0.034776658,0.16835222,0.054426983,0.14323848,0.1325804,-0.06094845,-0.043966845,0.043464847,-0.039896563,-0.13231176,-0.2733347,0.20357631,-0.2022761,-0.016628943,-0.08922601,-0.121631324,0.102374196,-0.15860982,0.0055563464,0.1051995,-0.22185893,-0.04471727,-0.084516466,-0.15758651,0.025009058,0.044297718,0.12029415,0.12555724,-0.049207985,0.09908587,-0.021572433,-0.105189115,-0.018338133,0.26549098,-0.12859792,0.050762527,0.0027331393,0.08742473,0.023252023,0.009789586
A85_01_1FE,-0.2127949,0.03914816,0.08836912,0.0010829074,-0.060648,-0.021851314,-0.11921372,-0.03969913,0.028294858,-0.11443637,0.11214025,-0.035584845,-0.0019094504,0.0054519176,-0.15539002,-0.094221115,-0.009266062,-0.03613793,0.054395683,-0.015329606,0.012389268,0.04502335,0.12392331,-0.07898176,0.042430263,-0.13358687,0.09392971,-0.019185565,0.10977494,0.07541919,-0.044171803,-0.012492909,0.021813884,0.092775695,-0.12668556,0.09837343,-0.116797954,-0.059498623,-0.11055446,-0.051203977,0.03713233,-0.019983705,0.0544336,0.067274444,-0.008839844,0.077189624,0.11101949,0.04962056,0.14226647,-0.06443043,0.032248713,0.26477414,-0.07586723,0.14549218,0.014030248,-0.045751635,-0.29359892,0.50513136,0.03796132,-0.06390955,0.14586644,-0.05625789,0.04282722,-0.0631886
A89_02_1FE,0.12023621,0.049442165,0.029564265,0.0066769808,-0.1398337,-0.15765502,-0.00045037642,-0.18017665,0.15606023,0.17209943,-0.084817894,-0.07187448,-0.26245418,-0.009132094,0.10305809,-0.2662743,-0.06847167,0.0017063096,4.735589e-05,0.015973644,0.31360808,0.15848508,0.04600243,-0.0032366477,-0.08237046,-0.09152772,0.15018368,-0.085065216,0.08769762,0.1949656,0.14250387,-0.02589606,-0.118526846,0.006248137,0.09492002,-0.028236989,-0.023620015,0.03350311,-0.1420297,-0.027809907,-0.13977577,-0.028953984,-0.056352586,-0.026510287,0.03624893,0.08133822,0.06258838,0.04778224,0.06667261,0.07775798,0.045092814,0.14609495,-0.2204412,-0.03145752,0.025869083,0.026520647,-0.09428073,0.30809778,0.029080966,-0.0029484609,0.122450836,-0.0837806,-0.04935939,-0.07352515
A91_01_1FE,-0.13388838,0.015217613,-0.055703152,0.01408509,-0.003236542,0.0065854266,0.0016136654,-0.21689305,0.016733292,0.012431679,0.10613788,-0.044934735,-0.06944602,0.008676467,0.035378695,-0.10666792,0.06816712,0.022404345,0.023006383,0.27818227,-0.03652039,0.042894043,0.09830441,-0.02245776,-0.039843194,0.12285736,-0.009417168,0.034191035,-0.02524845,-0.043441974,-0.08448988,0.04708687,-0.06472249,0.061642267,0.14043087,0.028239105,-0.053021908,-0.10260925,-0.118865415,0.06818288,0.05265953,0.01235969,-0.14988847,0.070542805,0.07191148,-0.012946,0.08375457,-0.042320836,0.042495813,-0.00859442,-0.002731733,-0.060654864,-0.028876547,0.04299938,-0.12081012,0.011686975,-0.080410495,0.51341385,0.06383395,-0.13110127,0.113777906,-0.022198988,0.049686246,-0.08395782
A91_02_1FE,-0.0039092414,-0.0017852355,-0.025763787,-0.015224602,-0.13004598,-0.037681878,-0.0060977135,-0.102441214,0.15422927,0.083773725,-0.017377408,0.09686688,-0.17877555,0.036874708,-0.0003653951,-0.2703043,-0.0814372,0.076114565,0.0636102,0.030621486,0.19671865,0.047470927,0.13710697,-0.10414673,0.013160046,0.03053641,0.035539586,-0.07551445,0.031555913,0.17223543,0.16674764,0.023773953,-0.1455637,0.022368837,0.159592,-0.013680931,-0.0027632173,0.016722905,-0.07864788,0.01477123,-0.015749797,-0.06980705,-0.04138723,0.024513738,0.07435505,0.043416314,0.05886488,-0.017964594,0.037893657,0.06590408,0.102555245,0.10483767,-0.19961624,-0.07691574,0.044786096,0.17156218,-0.06073507,0.45233023,-0.1492064,0.006352303,0.09233162,0.009786535,0.039265074,-0.11978535
A94_02_1FE,-0.14062715,0.07479142,-0.014059126,0.02743601,-0.060922846,0.0006593168,-0.028799612,-0.20287064,0.015443023,-0.16125144,0.02112015,0.018892646,-0.13311692,0.039961874,0.021266041,-0.118968636,0.15825877,0.06408282,-0.12157668,0.08820767,0.015952542,-0.033200305,-0.08539767,-0.02369782,0.04768283,0.048860334,0.008369481,0.054848183,0.047000576,0.03625644,-0.0757104,0.076488905,0.055319577,0.0112007335,0.19480115,-0.09323466,-0.01139123,-0.0019276552,0.0075833164,-0.11214353,-0.090241626,-0.040019654,-0.16530617,0.09004505,0.13812645,0.0451677,0.12197603,0.0071826233,0.022618275,0.09098874,0.08756858,-0.03148765,-0.05724699,0.027963433,-0.19943875,-0.06360687,-0.054152537,0.44174415,0.057343893,-0.12586161,0.12727496,0.09908924,0.095066994,0.033617582
AHCNC2ADXX.N710_CGAGGCTG,0.10349658,0.11699108,0.16400164,-0.06102463,0.027630802,0.008822799,-0.04768642,0.22827275,0.040992554,0.02758372,0.24650185,0.14469315,0.004101486,0.0063325567,-0.009769499,0.091293424,0.12025652,0.11889166,-0.110246286,0.12776986,-0.047062576,0.0030112807,-0.043209694,-0.07068658,0.013142057,-0.14383216,0.020389915,0.010486966,-0.044790544,-0.07852482,-0.23920856,0.04356211,-0.078632355,0.11201526,-0.07631305,0.22466587,0.005821055,0.13160217,-0.015809195,0.02451279,0.041680507,-0.19691235,0.030421712,-0.07148802,-0.055860087,0.11878872,0.034437623,-0.0073050475,-0.08554196,0.0016966611,0.022453101,-0.15706651,0.04250605,-0.09291506,-0.21425983,0.037264697,0.003296852,0.3447647,0.2629091,0.04799981,0.025982367,-0.008215332,0.028719172,-0.19868846
AHCT5GADXX.N703-S501_AGGCAGAA-TAGATCGC,-0.105121344,-0.06261682,0.017669564,0.022125082,-0.051511228,-0.029329978,0.03146467,-0.11921067,0.22351147,0.12481049,0.15834859,0.0661467,-0.10094068,0.013561795,0.05043316,-0.02547047,0.043372367,-0.016403995,-0.03857961,0.046200424,-0.13580546,0.02103005,-0.0454578,-0.19497982,0.055038057,-0.13380063,-0.0777956,-0.030058708,0.032586206,0.16763076,0.032781783,-0.07059485,0.08392474,0.09267934,0.17135784,-0.12089768,-0.01556472,-0.054482237,0.009509854,-0.13277887,-0.12741226,-0.007920688,0.002063583,0.0100449305,0.16196442,0.09159841,0.2081619,0.11523613,-0.02536058,0.0028211195,0.1478096,0.060181558,-0.049954306,-0.00047580898,0.009885371,-0.07905333,-0.048175555,0.4066665,-0.027189586,0.100499354,0.052543756,-0.080253534,0.107653596,-0.08159802
AS100raw,0.09996768,0.019912876,0.07851589,-0.017601753,0.13054511,0.00048423,0.12283043,0.09624272,0.044254918,0.0854228,0.07954685,-0.07645701,-0.09315712,0.151915,0.043749005,0.09947094,0.06322575,-0.17919092,-0.17347331,-0.0058330167,0.13618259,0.011324688,0.006814694,0.02018011,0.07483177,-0.1135335,-0.13406238,-0.038447045,-0.049747616,0.046338703,-0.07764351,-0.08317518,0.009391439,0.03691969,0.07243394,0.052379265,0.043012626,-0.039016426,0.016680079,-0.027246427,-0.024427075,-0.27923316,0.07215754,-0.13399422,-0.06253795,0.009163741,-0.06679604,0.115137026,-0.22771008,0.038424827,0.11854412,-0.08094649,-0.065910004,0.050101083,-0.19405407,0.10073708,0.02893928,0.33840907,0.12468547,0.09170813,-0.07887347,-0.06671679,0.088579305,0.024644986
AS101raw,-0.06332107,0.13272461,0.057534408,-0.03202443,-0.041866437,0.04422531,-0.06329892,0.1564679,0.064151764,-0.069426775,0.0823505,0.12770656,0.14062633,0.17233393,-0.17364332,0.10371059,0.15407045,-0.01116119,-0.05173828,-0.063823886,0.041867472,0.07821356,0.060062546,-0.005162731,-0.06716689,-0.046112217,-0.069053434,-0.01032263,0.06156206,-0.00608654,0.10410686,0.14015755,0.12116675,0.08871979,0.11625123,-0.05564638,-0.0677494,-0.022819482,-0.0028158892,-0.13224143,0.0429156,-0.009387619,-0.23256232,-0.065534174,0.1908482,0.05526206,0.13641521,0.11727603,-0.10427465,0.00493674,0.013008235,-0.099184275,0.046279136,-0.13634486,0.11779044,0.06023508,0.033039752,0.38396606,-0.042586483,0.26252836,-0.001317755,0.115708776,-0.024024773,-0.07734158
AS103raw,-0.028726306,0.09848393,-0.118242145,0.033214856,-0.043990687,0.055096652,0.05633734,0.1512377,-0.012582177,0.04956912,-0.029228687,0.21740867,0.019644246,0.008591089,0.1608909,0.020770345,-0.10140476,-0.045752913,0.032890305,0.047980323,-0.14633675,-0.020381533,-0.028570414,-0.02358422,0.10814767,-0.056248873,0.032803677,0.08130989,-0.015225962,0.060130216,-0.104121625,-0.17183314,0.12677014,0.010027142,-0.016794736,0.032344677,-0.008999519,0.065823,-0.09251088,0.083061494,-0.32230207,0.054053325,-0.036957577,0.1294199,0.1283642,-0.028078087,-0.22844402,0.047948867,-0.048324075,0.060532037,-0.057679906,0.13391839,-0.19503474,0.014827557,-0.16796309,0.016233983,0.030701246,0.22612423,0.033561908,0.26642027,-0.033837214,-0.035894614,0.015677484,0.13500541
AS105raw,0.0055202134,-0.08509352,0.007097787,0.025268983,0.06532132,0.042284403,-0.005718177,-0.026883306,-0.066281155,0.1455661,-0.0027695564,-0.0061186915,0.054409742,-0.009655771,0.12959093,0.12933443,-0.023490613,0.0064958706,-0.20338607,0.15617621,-0.048997052,0.07719933,-0.0039879163,-0.10942306,0.08464462,-0.07988622,-0.040874198,0.029028654,-0.05136712,0.024932776,-0.0076727076,-0.056911614,-0.06187043,0.08329663,0.11623689,0.093841344,0.061336942,0.06427696,-0.011402537,-0.11750895,-0.033373732,-0.1008627,0.078170806,-0.18572532,-0.029975893,0.058413938,0.008662805,0.069437385,-0.06664524,0.06657961,0.24995038,0.18671861,-0.16800934,-0.14882095,-0.0887841,-0.010803603,-0.039488006,0.4053969,-0.08946628,0.087620154,-0.024553755,0.02072888,0.090143435,-0.06360082
AS106raw,-0.014834486,0.019489601,-0.07686096,0.020444747,-0.16445972,0.119138196,0.12739792,-0.03374274,0.03761067,0.006854017,0.056466877,0.17019968,0.0924951,0.16287313,0.06459197,-0.04051647,0.062800065,0.003805101,-0.015701275,0.14752111,0.016842298,0.029206198,0.0976841,-0.122159295,0.031962723,-0.08466835,-0.12025467,0.0100049535,0.093608856,-0.024045005,-0.0541813,0.024355115,0.007714684,0.071850315,0.11564428,-0.14429313,0.05268941,-0.0034547746,0.005676398,-0.13621964,-0.046471458,-0.032216206,-0.17319976,0.032090113,0.09536336,0.10874733,-0.049740817,0.056168586,-0.14656162,-0.029607125,0.11862905,0.012253229,-0.07076133,-0.04414493,-0.03068836,-0.04161656,0.045026492,0.32294226,-0.062424503,0.11895618,-0.07865047,0.07047201,0.04837686,0.07401508
AS108raw,0.084862754,-0.032950886,0.07918448,0.020954393,-0.046729743,-0.020058172,0.038405295,-0.022816854,0.1506701,-0.040737413,0.21965437,-0.053944014,0.13977782,0.10095365,-0.13872308,0.0022148602,-0.0017764906,-0.12084283,0.007911656,-0.11000103,-0.012975803,-0.0537794,0.06691255,-0.036616676,0.05231736,-0.05268435,-0.08444071,-0.01695484,-0.012200348,-0.08568983,0.009833228,0.202392,-0.030457035,0.052276388,0.04006119,-0.05201264,0.12888636,-0.09585627,-0.014860861,-0.1349608,0.10141741,-0.027064487,-0.06618308,0.052258886,0.15479496,-0.01298188,0.069689885,0.010841822,-0.0029207114,-0.073208064,-0.050643645,-0.033019222,0.06564239,-0.18143345,-0.09108549,0.16329555,0.042346064,0.44035557,0.06238698,0.19016545,0.06000364,0.006025684,0.022593757,-0.054907463
AS109raw,-0.20917568,0.066301025,-0.044071037,0.04641893,0.01663738,-0.10055551,-0.11004852,-0.06464388,-0.14601855,-0.16961066,-0.4829359,0.029791687,0.076640554,0.030199885,0.0050937645,0.016917191,0.018187897,0.037621308,-0.058854785,-0.12302521,0.24827316,0.0061818203,0.003352983,0.030615952,0.042962663,-0.05521135,0.010765297,-0.01607037,0.029274195,0.0074273255,-0.00037339702,0.006867313,0.07692136,0.08771113,-0.0012220414,0.15876192,-0.0003304705,0.049677588,-0.017683322,0.023569308,-0.07327272,0.052681383,-0.05425451,-0.025525386,0.25333813,-0.048822463,-0.064384066,0.08736819,0.022053335,0.061276644,0.07713136,0.22547759,-0.16948429,0.01238282,-0.220543,-0.044399355,-0.12539871,0.37660363,0.06528961,0.0146303745,0.0075358525,-0.039652128,0.0719844,0.14213756
AS10raw,0.12035055,0.090267345,-0.031428635,-0.017136693,-0.20579956,0.08248201,0.12170037,0.1803387,0.0306817,0.056309085,0.22221045,0.3061714,0.012050204,-0.10162562,0.07683721,-0.124599844,0.028914832,-0.022874545,0.06147019,-0.066263214,-0.20216459,-0.12448369,0.0019049055,-0.26192558,-0.070915535,-0.1361285,-0.03492604,0.03996016,0.053200856,0.031534523,-0.33143,-0.17253609,0.08356571,-0.029986529,-0.102524675,0.058872916,-0.11960335,-0.029703896,0.013457371,-0.08406357,0.002040701,-0.008279358,0.04419589,0.0046504904,0.16610529,0.048982173,-0.046426017,-0.038887978,0.047585495,0.010851717,0.16682127,0.030437969,0.057817,0.21819301,0.07775587,-0.12599698,0.102763474,-0.0092052,0.032735728,0.009250751,-0.1665164,-0.1031891,-0.04118856,0.035765927
AS111raw,0.06001297,0.2384794,0.16238543,-0.09597537,0.021525888,0.109999284,-0.0090302015,0.41545314,-0.09724432,0.026167313,-0.07333441,0.13771175,0.12160715,0.08010135,0.0044000074,0.23794256,0.14510946,-0.040493883,-0.15005319,-0.2028786,0.08144878,0.055853806,0.04325594,-7.4766576e-05,-0.092636146,0.12660058,0.020599272,0.07674502,-0.038463667,0.060477667,0.10530205,-0.020039022,-0.017792037,0.062197104,-0.040058,0.1912848,-0.04065936,0.07501115,-0.009353805,-0.09237444,0.0697691,-0.101322904,-0.06636048,-0.21259667,0.093253486,-0.0049089007,0.25255382,0.11477072,-0.01603153,0.071381584,0.047159255,-0.08534026,-0.021860346,0.01562775,0.16989803,0.04629569,0.16333787,0.24235347,0.028918134,0.12928769,0.030490877,0.08439234,-0.13622807,-0.12690154
AS114raw,-0.03778269,0.04053749,0.04143909,0.021724148,0.080083236,-0.16629064,-0.06315819,0.16408329,-0.0825471,-0.26722988,-0.1080096,0.1231464,0.049223922,0.012577756,-0.03390228,-0.021158332,0.0636153,0.05676601,0.10722792,-0.16447355,0.048980594,-0.047888517,0.09046226,0.02888736,-0.056379996,-0.015861122,0.071173616,-0.05591143,0.097652145,0.04500345,-0.0974482,0.02769354,0.02524311,0.121774815,-0.43324602,0.38595983,-0.0888187,0.034977727,-0.12721418,0.052827414,0.25544137,0.10189305,-0.008446621,0.008300619,-0.0013839081,-0.01756287,0.09808853,0.004189293,0.059204735,-0.072210416,0.018707901,0.2677584,-0.02751001,0.32634902,-0.12228072,-0.14503251,-0.15884541,0.29176393,0.15909499,-0.30640525,-0.006579489,-0.20296927,0.027080735,0.067025304
AS115raw,-0.124859914,0.083164506,-0.056872055,0.025832722,0.039837502,-0.080570005,-0.009272544,-0.02628454,-0.17153677,-0.19636649,-0.50097144,0.039323192,0.060228292,0.118113406,-0.043234646,-0.04354373,-0.014427773,0.0033533871,-0.009376984,-0.16469619,0.33088392,-0.024223536,0.06839989,0.123854265,0.025150526,-0.092403285,-0.04238475,-0.048537314,0.04609529,0.08697786,-0.15427424,0.05520338,0.10644287,-0.027748644,-0.1263879,0.20274192,0.10018516,-0.02601616,-0.03853181,0.019989155,0.024897434,0.072707415,-0.05249278,-0.060642593,0.05196639,-0.046194777,0.010606874,0.049699873,0.0638028,-0.013972823,0.058485746,0.2751636,-0.14994337,0.16091299,0.0149377845,-0.1065671,-0.13887982,0.26412547,0.112602904,-0.17420554,0.017569887,-0.03858455,0.018421717,0.094005436
AS116raw,-0.0006291978,-0.0032925103,0.034225613,-0.009608656,0.047999077,0.07131548,-0.003560814,0.099838056,-0.0075233597,0.064574316,-0.12026077,-0.01028686,3.5122735e-05,0.19621454,0.10135253,0.20822822,0.110487595,-0.013071549,-0.21520695,0.07057339,0.0333988,0.004138829,-0.074772045,-0.027632397,0.041637585,-0.14765534,-0.05382798,0.060230076,-0.10231126,0.010961339,-0.06956996,-0.13899533,-0.02716218,0.08397501,0.024459422,0.14587961,0.07791901,0.09660303,0.013085408,-0.0725211,-0.09417857,-0.16521248,0.031712696,-0.08938042,-0.09609425,0.10982381,-0.014732063,0.02750776,-0.21160945,0.040988836,0.13329192,0.08279142,-0.12232994,-0.10971175,-0.2190133,0.017375192,0.061559018,0.2794242,0.0718797,0.16794495,-0.10700506,0.08427132,0.1231828,0.025345702
AS117raw,-0.021991264,0.046684667,0.17325605,-0.038353242,0.0807043,0.039670717,0.084504426,0.24081568,-0.084393695,-0.10556501,0.27132785,0.18896861,0.10016174,0.040517498,0.060713403,0.3251646,-0.036955934,-0.006751242,-0.046100948,-0.01567132,-0.113009594,0.023660138,0.06091026,-0.006986063,-0.04776386,0.022142742,-0.02361359,0.08663622,-0.08171903,0.13917536,0.14142688,-0.21230096,-0.023996271,0.09900673,-0.20505035,0.20659044,-0.11021253,0.0017741416,0.029074462,-0.17154446,-0.112974286,-0.19452696,0.03053481,-0.06779404,0.090174526,-0.14577955,0.11780967,0.141958,-0.05869837,0.10210535,-0.014033438,-0.26460302,0.10118775,-0.017251834,-0.07385534,-0.08629008,-0.070064664,0.3043569,-0.005318247,-0.12012349,0.11348227,0.062185373,-0.008149166,-0.04358832
AS119raw,0.023296062,0.22415996,-0.04265363,-0.013231561,-0.16548997,0.18556213,0.0877156,0.1935641,-0.030723492,0.08860769,-0.10873847,0.1338165,0.1912133,0.13230622,0.116729535,0.19207202,0.029328862,0.0387471,-0.076857835,-0.030603774,0.060003698,0.07374546,-0.02048867,5.4746866e-05,-0.060495973,0.15183114,-0.008792623,0.06054567,0.0025253724,-0.037234318,0.066200316,0.011855657,-0.04085946,0.11104679,0.11752925,0.03161128,-0.087704405,0.05973745,-0.05108565,-0.22755857,0.03947004,0.03588763,-0.25694573,-0.11701802,0.17458078,0.025262218,0.105069205,0.19157982,-0.0893045,0.06937228,0.10836919,0.013510324,-0.05288364,0.02511232,0.11764841,-0.061321262,-0.013524512,0.2836482,-0.12266106,0.09913635,0.0032216038,0.21728027,-0.0424748,-0.03092108
AS120raw,0.07108611,0.0244404,-0.102984935,0.01266942,0.0682355,0.037953433,0.060913026,-0.026027182,0.008834809,0.023380123,0.12817384,0.031957887,0.017007856,0.14700444,-0.0577567,-0.10864061,-0.075612105,-0.07322699,0.1534875,0.048667982,0.08376686,-0.021236144,0.08917306,-0.08223164,0.027107636,-0.022195319,-0.033226695,-0.07226327,-0.1638928,0.09701959,0.06410992,0.03089954,-0.02727396,-0.016942898,0.094787724,-0.09686157,0.029508414,-0.029196598,0.0074236095,0.0053534852,0.106521085,-0.040515017,-0.16225393,0.082900986,0.030274648,-0.06395847,0.0069599226,-0.075970784,-0.09846157,-0.054920886,-0.007900265,0.004793465,-0.028731022,-0.16821392,-0.08147639,0.10628942,-0.041193143,0.46983784,-0.053730465,0.12011841,0.06253138,0.023112128,0.057029687,-0.07425399
AS121raw,-0.045626268,0.079294704,-0.11480239,0.021900965,-0.032782413,0.008796178,-0.00031704083,-0.0462476,-0.07180326,0.15466322,-0.053664997,0.13047767,0.087937884,0.039021324,0.17521626,0.044814218,-0.0743444,0.02758729,0.029825263,0.11915696,-0.06052828,0.013433689,-0.049045056,0.048269868,0.07420247,-0.0034758318,0.11678941,0.008055161,-0.10452194,-0.04382094,0.054498177,-0.018978547,0.029660538,0.05062156,0.08351705,-0.026042078,-0.004593035,0.1685184,-0.12704809,-0.02504029,-0.16565992,-0.035155952,-0.20030284,0.0040276106,0.22714481,0.05523572,-0.25023344,0.23180233,-0.1189493,0.14561167,0.045352347,0.16045272,-0.17016436,-0.05928099,-0.16348231,0.039075613,-0.07166225,0.33202067,-0.028227255,0.19301847,0.010228232,0.10075175,-0.019037273,0.08029812
AS122raw,-0.09186701,0.06560695,-0.03880003,0.0039667743,0.0144667635,0.03982878,-0.05696064,0.18427469,-0.019677944,0.27395687,-0.2486058,0.12918589,-0.0071433233,0.051727686,0.10325105,0.10272765,-0.056535155,-0.012850362,-0.006397225,0.09956476,0.10868162,0.068683445,-0.040544152,0.040805288,0.07014589,-0.057810627,0.01810937,-0.042682182,-0.062854394,0.06802313,0.012048405,-0.03267108,0.16894433,-0.010167007,0.037195854,0.10026954,0.08657363,0.13067588,-0.13290873,0.11245714,-0.19531246,-0.17144918,-0.16391557,-0.06127344,0.19169855,0.09835969,-0.21729349,0.16901676,-0.06755126,0.1514893,-0.024901802,0.1227428,-0.2064477,0.103648216,-0.19476119,0.13232872,0.10221386,0.16457172,0.070020966,0.21546231,-0.04995001,0.024508206,-0.020906352,0.083206706
AS126raw,-0.00070395507,0.057800822,0.1268396,-0.04977218,0.19618352,0.067624524,0.00079984777,0.3208625,-0.061524548,0.005977987,0.0442758,0.09511446,0.037784982,0.10712381,0.044017177,0.34575853,0.016696699,-0.14108598,-0.09284623,-0.1108711,-0.070557475,0.022169184,0.13884753,0.06417074,-0.05721011,0.021082442,-0.0061867777,0.04371202,-0.12375655,-0.009920795,0.07806167,-0.27837127,-0.022768535,0.062240124,-0.07525143,0.32917237,0.04937555,-0.008592078,-0.03182429,-0.024410037,-0.040116925,-0.14366148,0.04166268,-0.12064199,-0.065117516,-0.1279479,0.09601651,0.153542,-0.03351242,0.086945936,0.06787698,-0.1369881,-0.01977681,-0.1323462,-0.18157995,-0.0017908998,0.054353196,0.32051903,0.04595545,0.086008444,0.08688494,-0.03772466,0.0077744024,-0.09803604
AS127raw,0.1188109,-0.0551456,0.017809654,-0.010031166,-0.07789871,-0.09798843,0.08446378,0.12013953,0.1918299,-0.042260703,0.27711433,0.049092002,-0.06365572,0.021213923,0.033678524,-0.1129297,-0.012611354,-0.094086684,0.16173087,0.01814271,-0.14533353,-0.05726777,0.08677119,-0.024846852,0.042424705,-0.0019533206,-0.06688566,-0.06777741,0.022130836,0.11337865,0.08331478,0.06893856,-0.051308647,0.06477648,0.024552105,0.013716433,-0.06839398,-0.055851936,-0.012259053,-0.025318097,0.093916595,-0.12579271,0.06666369,0.118909225,0.04502075,-0.018450484,0.044326533,0.033011165,-0.026266545,0.011586123,-0.03036443,-0.04021258,0.07223429,0.04369392,-0.032002203,0.13751039,-0.1360465,0.49066606,-0.021467313,0.13860215,-0.03350176,-0.12922786,0.012367807,-0.05703579
AS128raw,0.04594139,0.059227757,-0.032775704,-0.0146903,0.049319707,0.0382288,0.01240973,-0.00897154,-0.06733453,-0.13025112,0.22276253,0.13950066,0.21203813,0.044785224,0.011268392,-0.022978833,-0.007937138,-0.10204576,0.011779964,0.0005581472,-0.23315008,-0.025171097,0.06240053,-0.10901696,-0.02942651,-0.05216106,0.05962891,0.08178743,-0.14895135,0.06554468,-0.06381671,-0.17180756,0.06600334,-0.006873103,0.09949093,-0.028713778,0.010782046,-0.015138123,0.02284619,-0.06349057,-0.11755854,0.052187603,-0.107921205,0.020215573,0.07076687,-0.09048995,-0.021036375,0.107633755,-0.054469217,-0.004456278,0.054217942,0.0050022528,0.021471266,-0.082799286,0.016697839,-0.06722343,0.034187872,0.45370632,-0.04337494,0.11779132,0.13227685,0.008926967,-0.048389755,-0.052928317
AS12raw,-0.19117418,0.048809677,-0.038001686,0.050573144,-0.040049143,-0.09508948,-0.06591197,-0.15536015,-0.0854435,-0.2197955,-0.6157806,0.003273365,-0.026584188,0.014054815,0.0020789914,-0.06857194,0.058380205,0.056919582,-0.0731172,-0.1397155,0.37994346,0.028673796,0.036751155,-0.06782673,0.039232627,-0.03944236,-0.053426664,-0.009741964,0.14456016,0.08289801,0.034389917,0.001647355,0.04634523,0.07559115,0.06657004,0.09046082,0.0053869933,0.0025378726,0.0472491,0.016927987,-0.06177975,0.048367377,-0.07470448,0.0062509533,0.30214956,-0.05464372,0.062556386,0.019905863,0.06103744,0.057494555,0.07718559,0.15180752,-0.09439245,0.06139115,-0.1877611,-0.074232,0.012070205,0.25485227,0.031870484,-0.11757914,0.09011526,-0.07850166,0.06333088,0.11992961
AS130raw,0.10386437,-0.019513339,-0.062819734,0.028514205,-0.15387826,0.07483968,0.10225769,0.34152722,0.08970919,-0.015120933,-0.0268103,0.12830937,0.16560261,0.06710801,0.030652583,0.02577025,0.034918364,0.102607176,-0.017975867,0.008223288,-0.20167997,-0.081840985,0.036865152,-0.083883084,-0.0853079,-0.11693771,-0.18666868,0.009202053,0.07159841,-0.059975445,-0.07539694,0.17718622,-0.108746216,0.024295926,-0.03927545,0.018742602,-0.11460489,-0.00055908225,0.032252647,-0.15071376,0.07641688,-0.005930025,-0.16591768,-0.021215677,0.16433702,0.021156512,-0.080480814,0.021913763,-0.15657899,0.06668133,0.1375913,0.11174961,0.12482484,-0.076761186,0.04066167,-0.040979233,-0.08424431,0.29378417,0.03724382,0.22619058,-0.21313387,0.052900508,0.09313157,0.02588581
AS131raw,-0.06829495,0.06780846,-0.061359987,0.004564029,0.019830339,-0.03162302,-0.027662732,0.11493939,-0.064313814,0.12859784,0.036454037,0.13888037,0.14695233,0.047324643,0.08928174,0.11280656,-0.12479376,-0.043668002,0.13283147,0.02832541,-0.15322155,0.017915694,0.005702334,0.046070613,0.023964638,0.0084392205,0.07131028,-0.00051406585,-0.1423147,0.010531209,0.061936785,-0.031533297,0.07254855,-0.008655332,0.05468626,0.057702743,0.009605281,0.12331753,-0.1341868,0.084581494,-0.046503183,-0.009375397,-0.13282059,0.01513497,0.26637506,-0.075103864,-0.20668158,0.1575553,-0.09219303,0.08683972,-0.04346709,0.08938179,-0.10330576,0.034343287,-0.12643914,0.124888286,-0.035927128,0.43946028,0.017462578,0.2679588,-0.0024716046,0.012161118,-0.038640797,-0.031591743
AS132raw,-0.12258001,0.074672215,-0.024634209,0.028214598,0.1114453,-0.10748303,-0.07983057,-0.09404828,-0.16907074,-0.17992796,0.037046842,-0.07771589,0.15056808,0.031922128,-0.08187692,-0.027882148,-0.03000592,-0.028008476,0.024859674,-0.063161016,0.09147834,-0.006127324,0.05529022,-0.0038869232,0.06777344,-0.090256564,0.03732187,-0.0506564,-0.07033755,0.029943723,-0.07534513,0.060185477,0.09318648,-0.023509186,0.010674775,0.026024856,0.074090436,0.019454535,0.02595316,0.016978793,0.119269595,0.05916587,-0.10394947,0.03231956,0.11761714,-0.058349773,-0.0038719773,0.07800242,0.028741624,-0.028535929,0.043963306,0.1883616,0.02164169,-0.071728334,-0.06922905,-0.046966407,-0.21953192,0.5800406,0.10235273,-0.0354805,0.1425392,-0.028068434,0.0400222,0.047389187
AS133raw,-0.09520696,0.0701955,-0.10022521,-0.0058520203,-0.06154161,0.020737045,-0.017760297,-0.14262013,-0.020625543,-0.05326113,-0.07937254,0.02589976,-0.017835137,-0.010661197,-0.010195773,-0.108245626,-0.029672075,0.014941603,0.022261739,0.09086645,0.0020170142,-0.01779662,0.03577228,0.013096528,0.06721383,0.06916989,0.021303393,0.0935644,-0.03676132,0.06680258,0.058265414,-0.05012221,0.006492303,-0.041580725,0.2174609,0.08728632,0.108654715,0.08619286,-0.036890168,0.08431742,-0.13724644,-0.040347666,-0.1158492,0.02431106,0.16994067,-0.044912685,-0.23087277,0.074849755,-0.003568964,0.13183497,-0.0027774,0.091536336,-0.15232827,-0.08525585,-0.031965412,0.19721538,0.05329783,0.42791912,-0.034495927,0.2441564,-0.038246628,-0.025823632,-0.07796809,0.008604544
AS134raw,-0.15439238,0.13846841,-0.0036280588,-0.021108614,-0.03415162,0.06692545,-0.03846211,0.18736005,0.071203455,0.16692242,-0.009944789,0.16785076,-0.018567445,0.071154974,0.016781095,0.083529085,0.03098591,-0.019646063,-0.003033284,0.038810894,0.0057567237,0.047038555,0.001654747,0.00330168,0.0071309134,-0.051125757,-0.026861183,-0.07590641,-0.11178928,0.024220224,-0.010495933,-0.06204147,0.15087412,0.0041063502,0.086724676,0.0852917,0.014801262,0.055008143,-0.10583577,0.03730691,-0.15765293,-0.12165202,-0.1784376,-0.039824884,0.10670504,0.09113444,-0.06818316,0.14303957,-0.027350564,0.120902285,-0.013175188,0.037532374,-0.17018357,0.0045434386,-0.16735038,0.09643583,0.0027368888,0.37703717,0.09709418,0.31779227,-0.09951222,-0.059157435,-0.017362034,0.04973809
AS136raw,0.069419414,-0.050105013,0.008932184,0.013207562,0.18084086,-0.0072591957,-0.07435051,0.06945325,-0.05434551,0.0030482402,0.033417094,-0.026411314,0.027311916,0.08014217,-0.004607424,0.12748905,-0.05137045,-0.12590925,0.031174524,-0.021895997,-0.046723925,-0.023591843,0.06020272,0.07305314,-0.044535354,-0.10010381,0.043334767,-0.000521848,-0.21305382,0.06037402,0.00064731017,-0.097523846,-0.024463717,-0.0652449,0.005197843,0.016040608,0.15057945,-0.030807856,0.0070644002,0.016745023,-0.067100495,-0.03469901,-0.032686606,0.025113793,-0.08035462,-0.10165811,0.08218613,-0.06904122,-0.0077500893,-0.032432787,-0.032131203,-0.0026092753,-0.067030594,-0.32464254,-0.14642632,0.04990486,-0.039609183,0.46623805,0.09211445,0.16059561,0.07436031,0.04086918,0.08688998,-0.110970564
AS138raw,-0.08049228,0.07680139,-0.08621466,0.019167157,-0.11570935,0.11074205,0.04987731,0.091202915,0.028191116,0.064455196,-0.019518513,0.14448711,0.03996236,0.085110076,0.15100855,0.040441472,0.039260056,0.068814084,-0.079336464,0.20697269,-0.049139835,0.014511496,0.03450205,-0.05095116,0.08198681,-0.07165559,-0.11800269,0.0753402,0.029657422,0.022571966,-0.05631743,-0.057955462,0.108180836,0.18470713,0.13453597,0.013936816,-0.0542308,0.06453735,-0.049053192,-0.041851874,-0.22429791,-0.10850111,-0.09608519,0.029655619,0.13572288,0.06815506,-0.14488593,0.13896342,-0.13895339,0.088335514,0.0445233,0.07769147,-0.10527444,0.028247837,-0.14754817,0.04508195,-0.047058284,0.34197825,-0.037189655,0.21610038,-0.09355605,0.07039397,0.08480396,0.14584997
AS17raw,-0.0073433705,-0.064805776,-0.05522571,0.0026980615,-0.013743853,-0.00083418377,-0.03771153,0.034681614,-0.0977522,-0.059473548,0.16097584,0.08363348,0.13815995,0.025841402,0.036257077,0.15950851,-0.12491981,-0.04990455,0.09100365,0.113038555,-0.2166119,0.07667592,-0.013627529,0.09116836,0.10366597,0.08146101,0.07867595,0.010829753,-0.11966788,-0.086650744,0.0753302,-0.03015868,0.0008211946,0.039727964,0.12734869,0.1921798,0.09521144,0.07264241,-0.06399045,-0.0275998,0.061993092,-0.033719182,-0.01814172,-0.0061728843,0.042433195,-0.00435804,-0.16829424,0.16782443,0.045094356,0.06971065,-0.034276582,0.034225307,-0.0004580915,0.0026230142,-0.07210782,0.02147368,-0.06230829,0.5085366,-0.10687863,0.12311256,0.11313675,0.060121432,-0.09768083,-0.08647945
AS18raw,-0.068496615,0.053513587,-0.04606537,0.016841969,0.04267828,-0.09205429,-0.039046776,0.019177336,-0.111031994,-0.19969223,-0.3811036,0.08789366,0.07700615,0.14466028,-0.0761939,-0.09523767,-0.0021610868,0.007796436,0.05839741,-0.17508143,0.34768885,-0.035555985,0.066580996,0.0623622,0.016265394,-0.15595964,-0.030457243,-0.067607716,0.0822835,0.10893781,-0.1477438,0.14568739,0.14136869,0.01646431,-0.10570744,0.16526546,-0.00673325,-0.005775001,-0.06803325,0.045508485,0.14201063,0.07685277,-0.0498453,-0.016406002,0.14313608,-0.016772598,0.06758183,-0.028250694,0.069911785,-0.044754513,0.0055269618,0.23160797,-0.120151415,0.19446523,-0.01663497,-0.029941287,-0.14632322,0.36876616,0.16115054,-0.16766594,0.025284486,-0.04974328,0.018110234,0.02386766
AS19raw,-0.042400144,0.19224724,0.036295723,-0.0013104553,-0.008070221,-0.033253998,0.06381276,-0.050043546,0.02528572,0.005334688,0.2341492,0.09063923,0.108108915,0.09435696,-0.12178273,0.011496641,-0.03918269,-0.17841783,0.038062267,0.047030076,-0.2502233,-0.021062035,0.12519452,-0.05549755,0.038999915,0.018491268,-0.133546,-0.02736501,0.0013562888,0.09319317,0.0056854356,0.040046237,0.08944425,0.08341173,0.096141554,-0.010801293,0.09058683,-0.10686179,-0.058644906,0.01660851,0.07836212,0.024970505,-0.061282173,-0.0011900179,0.07037907,-0.10716913,0.11383076,0.048156757,-0.10422895,-0.06738098,-0.006714697,-0.012654118,0.03900333,0.0060051978,0.081418075,0.22178255,-0.029571163,0.47799793,-0.024088193,0.109002665,-0.0008990164,-0.012197977,0.07740153,-0.19782987
AS20raw,0.09109631,0.06662921,-0.018421521,-0.0030873723,-0.04174196,0.060249183,0.06868446,0.13406757,-0.09353137,-0.026674183,0.015181688,0.14692245,0.113613546,0.13210462,-0.13431549,0.052019898,0.053702965,-0.06655433,0.06139136,-0.002920568,-0.1405744,0.006392503,0.10334367,0.0061137564,0.008007208,0.026924096,-0.09182973,0.013261028,-0.07212653,0.0026162574,0.052932683,0.18386641,-0.004929196,0.035182524,0.07034895,-0.03165845,0.03330175,-0.028846458,-0.022378732,-0.07374652,0.061425798,-0.040005006,-0.14965367,-0.035935953,0.10983352,-0.101038896,0.058561314,0.015039013,-0.077819705,-0.0053177737,-0.022146467,0.054643128,-0.048427112,-0.0984043,0.10626759,0.115462065,-0.06486073,0.45426488,-0.024671283,0.27375242,-0.040017452,0.048598297,-0.01809451,-0.17078632
AS21raw,0.11540776,0.032011166,-0.022685194,0.023061182,0.07016693,0.04057723,0.05280233,0.06916863,-0.068791725,-0.02221159,0.04184714,0.0989403,0.047668498,0.061602872,-0.17524245,0.058653448,-0.026989799,-0.082491025,0.10486375,-0.0032576602,-0.046307676,-0.004965242,0.06443521,0.0032652952,0.0323236,0.038248166,-0.08020872,-0.014247168,-0.14627028,0.0821412,0.04947419,0.13246746,0.00033520255,-0.011603255,0.068081036,-0.035533268,0.105039544,-0.025639981,-0.017926382,-0.018314295,0.10574703,-0.008614743,-0.10521733,-0.02024018,0.11045467,-0.14937428,0.059697624,-0.08037595,-0.05807288,-0.03430736,-0.061387658,0.05292488,-0.050061375,-0.1746143,0.006591033,0.1616732,-0.030370234,0.47156438,-0.017175298,0.24304308,-0.062679425,-0.03704618,0.0138683785,-0.19654731
AS24raw,-0.12639235,0.036011644,-0.023053225,0.04124381,0.008336049,-0.029001988,-0.09964777,-0.026131691,-0.023799868,-0.13544948,-0.11498308,-0.069104455,0.03732427,0.026075276,-0.0025514998,-0.08285015,-0.052984875,0.0038473252,0.07224196,0.081080094,-0.029350234,0.057808384,0.063449174,-0.034635536,-0.024789324,-0.0030242782,-0.03118958,0.054806855,-0.117949836,0.06670604,0.05474322,-0.0055279504,0.053069837,-0.05283637,0.15288442,-0.021478001,0.009588318,-0.021143772,0.0016102307,-0.018813316,-0.1117605,-0.031210493,-0.20321392,0.078733966,0.15871787,-0.13582793,0.00045227632,-0.062122513,0.006034639,0.05259022,-0.092339225,0.020557392,-0.053947918,-0.22520272,-0.20384929,0.098284006,-0.032262456,0.5517256,-6.503612e-05,0.16687165,0.14021082,0.055135284,0.057909638,-0.027550349
AS25raw,0.079112165,-0.11210111,0.04206744,-0.002125981,0.1302826,0.035352077,-0.039022315,0.146919,0.10104707,0.044096097,0.15359472,-0.08064046,0.015813299,0.024350904,-0.06854379,0.13980724,-0.04987377,-0.04431455,-0.10614826,0.008720912,-0.044596843,-0.023054559,0.08699113,0.06502284,-0.045419365,-0.12414412,-0.036333304,-0.012115002,-0.14046228,0.028968737,0.01249221,-0.16060948,-0.07179959,0.01744536,0.06565805,0.2126324,0.09914757,-0.052056067,-0.05358147,-0.037758764,-0.07082772,-0.17660646,0.086940825,-0.082823925,-0.20790434,-0.016198942,-0.029706657,0.061601777,0.011682652,0.06472701,0.06070672,0.109332696,0.03136659,-0.11185558,-0.091371715,0.005726265,-0.01743086,0.48984733,0.029143285,0.122505136,0.008293195,-0.035022706,0.05599343,-0.037480395
AS29raw,-0.037215687,-0.08023688,-0.02048322,0.028701277,0.06912431,-0.015517954,-0.012035493,-0.12207315,-0.004446786,-0.020698873,0.117216,0.045139443,0.10726916,0.07551439,0.06667808,0.056023154,-0.101850234,-0.09098385,0.13040856,0.039394207,-0.186347,-0.04365477,-0.00010327203,-0.015300278,0.05457764,0.0554614,0.0072054197,0.04425957,-0.21458116,0.053301245,0.034047212,-0.005097694,0.011156538,0.0045867227,0.04842176,-0.054902274,0.16008925,-0.010124456,0.0080924295,-0.059454765,0.04445824,0.08418685,-0.08212277,0.10648322,0.12148065,-0.10175825,0.0794173,0.04004723,-0.012795662,-0.07698865,-0.0019507534,-0.022142269,-0.021330401,-0.087261364,-0.08720526,0.038310125,-0.0007171966,0.53494394,-0.0060826167,0.10567861,0.1425121,0.07592059,0.0605354,-0.12927225
AS31raw,0.117958926,-0.016863948,0.052477222,0.045566373,0.048923604,-0.15737748,0.045538984,-0.06835899,-0.035547733,-0.0133064445,0.17776692,-0.14418085,0.15976487,0.05379858,-0.01800302,0.11862384,-0.059887595,-0.14110918,0.04372498,-0.033264898,-0.20162144,-0.019052163,-0.021572623,0.06363365,0.088842764,-0.003638005,-0.009694046,-0.023759436,-0.110585876,-0.09579727,0.03956584,0.13374141,-0.036944475,0.0051644426,0.038854215,-0.030153852,0.19871816,-0.0027553998,-0.032155935,-0.08308394,0.09698133,-0.011183275,-0.006479016,0.013550317,0.137267,-0.062726066,-0.029243536,0.0781523,-0.10261599,-0.033874135,-0.05323796,0.13554196,0.07636964,-0.19702841,-0.07181616,0.11086176,-0.04592147,0.4419651,0.013971547,0.15903045,0.056047387,0.012623417,0.029681528,-0.05694013
AS34raw,-0.018350229,0.14270192,0.014012419,-0.017064396,0.012636142,0.12502033,-0.015570832,0.042243242,-0.10541201,0.0071068755,0.05318513,0.088613756,0.15580267,0.08381084,-0.01685138,0.21052308,0.005405753,-0.12107515,-0.025431763,-0.04810081,0.05871553,0.073314264,0.001365589,0.019808322,0.024787264,0.15847383,0.10675763,0.07417296,-0.10244175,0.017450895,0.15252843,-0.10220791,0.032342017,0.03564697,0.11139708,0.07410854,0.08718981,0.077478535,-0.022463791,-0.11463852,0.051174812,-0.044792145,-0.17693715,-0.055025443,0.14872108,-0.026718136,0.03446695,0.20904705,-0.014312002,0.04867158,0.025846357,-0.023776755,-0.017152052,-0.11827874,0.0066001564,0.030513301,0.054053765,0.3872378,-0.077300884,0.14927019,0.10690642,0.11080381,-0.086181484,-0.11410622
AS35raw,-0.22755398,0.09073678,-0.04634122,0.03432123,0.047908828,-0.111588165,-0.010153325,-0.12109091,-0.09694187,-0.21702133,-0.6625124,0.049282994,0.009098567,0.057523414,0.045240335,-0.1534348,0.053688698,0.052268393,-0.075535074,-0.15446949,0.4209975,-0.023479417,0.08022032,-0.0013856292,0.052874662,-0.047315374,-0.06750296,-0.016474448,0.116033226,0.06680246,-0.02833566,0.053499836,0.051162854,0.037657965,-0.007867368,0.11219685,0.012004254,-0.011794634,0.010596318,0.030304894,-0.043971043,0.07196501,0.0021543237,0.0036930349,0.29415512,-0.09211079,0.07151596,0.07025153,0.06077498,0.01754674,0.08458438,0.1649288,-0.107714966,0.12547359,-0.083177075,-0.1451908,-0.057999603,0.12005519,0.08959232,-0.21950234,0.106414124,-0.12055415,0.02852869,0.07009442
AS36raw,0.014869881,0.084826514,-0.028845187,0.026553005,-0.028312018,-0.04587141,-0.04037303,0.27125138,0.067003295,0.18476792,-0.2114937,0.1467487,0.04590164,0.048540004,0.11467451,0.027454905,-0.07124277,0.004183528,0.084407136,0.08768283,0.092608735,0.09046158,-0.04920893,0.08932464,0.022424826,-0.11971818,0.008419473,-0.045321353,0.09278795,0.08639314,-0.025342736,0.10141059,0.2617384,-0.02833655,-0.05319704,0.07663706,-0.00051981024,0.062745064,-0.1950944,0.10334508,-0.23813957,-0.0795736,-0.19134891,0.0099374,0.2191853,0.09987025,-0.13846643,0.010963193,-0.023220394,0.067499235,-0.1912661,0.11686299,-0.27761453,0.091065936,-0.1226566,0.14994259,0.14157303,0.07099097,0.052032832,0.22057383,-0.054505736,0.017290434,-0.054376125,0.12842847
AS37raw,0.024062485,0.11368974,-0.09328875,0.02789024,-0.07728813,-0.029287484,0.0011476204,0.20664237,0.04122104,0.25278938,-0.17061816,0.16154115,0.038743585,0.016663423,0.1088993,0.027271476,-0.056251872,0.046970353,0.0434337,0.064115845,0.058366887,0.02048284,-0.011060135,0.089309685,0.03394018,-0.05855622,0.034842197,-0.062050045,-0.059753776,0.07730877,-0.0473088,0.07717983,0.14241984,-0.017094601,-0.019151166,0.014183205,0.08047754,0.07032502,-0.17870696,0.13335249,-0.26612884,-0.096419424,-0.21173213,0.054508805,0.18766537,0.01018526,-0.15023829,0.07192926,-0.033551633,0.061806895,-0.15357037,0.1311893,-0.2542608,0.16754687,-0.15360525,0.116708085,0.0845194,0.14197615,0.055943847,0.2172547,-0.024878459,0.012263929,-0.048373803,0.1519403
AS3raw,0.14685126,0.058134377,-0.090103246,0.026111491,-0.20064877,0.058342006,0.20151252,0.11964573,-0.0041813925,0.0801026,0.047617108,0.2616448,0.1373837,0.12815267,0.109174035,0.04649953,0.0046898173,0.10984663,0.039717253,0.16645099,-0.051211737,0.02388114,0.086301565,-0.11447246,0.011983527,-0.052987523,-0.14769104,0.0006504003,0.096008874,-0.0018418794,-0.08521782,0.13556074,-0.08384609,0.1576058,0.06765127,-0.02855521,-0.05253262,0.028608993,-0.04453455,-0.10132461,0.107745856,-0.03142745,-0.19162333,-0.00878557,0.16812383,-0.00066966936,0.009038139,-0.014014128,-0.19667135,-0.034029175,0.12722935,-0.0022900105,-0.07581371,0.027655061,-0.02764558,-0.0006477963,-0.034654636,0.34886816,-0.093580775,0.075421475,-0.082003705,0.09449505,0.092625804,-0.040681627
AS40raw,-0.08592419,0.09800408,-0.0962387,0.02686958,0.019791353,0.051431913,-0.0038688807,0.010014705,-0.08355073,0.08129327,0.02080806,0.10847045,0.0649802,0.08348712,-0.030835532,0.09344141,-0.008670841,-0.018903442,0.02966183,0.07610117,-0.023803541,0.102867484,0.099669665,0.06656339,0.002488317,0.074607134,-0.02359683,0.013272057,-0.118183605,-0.008127668,0.14343037,0.050362803,0.07459207,0.06957581,0.15600502,-0.03668438,-0.016751537,0.00592855,-0.14438638,-0.01947085,-0.025309741,-0.009016796,-0.27290848,-0.050300203,0.1880044,-0.098525345,0.006889805,0.06861125,-0.04285115,0.053402446,-0.07870685,0.039842173,-0.16413215,-0.103946134,-0.032985,0.1399505,-0.0731089,0.46517327,-0.050951533,0.20905828,0.00843644,0.057845272,-0.0086745685,-0.03973886
AS41raw,0.07226203,0.10888394,-0.08709862,0.02707327,0.006465188,-0.00091182627,0.01155081,0.26577425,0.055451844,0.06436746,-0.049621575,0.21912354,0.11474801,0.08022958,0.18580249,0.08430897,-0.13750987,-0.02976545,0.1232781,0.0067417696,-0.09086282,-0.028974451,0.0012455613,0.116402745,-0.02886361,-0.17775856,0.04777054,0.010694465,-0.06436674,0.11922463,-0.061757155,-0.057010397,0.1510783,-0.06816976,-0.10762757,0.022425827,-0.059492588,0.092115745,-0.13164546,0.07921529,-0.17954691,0.027021624,-0.14900301,0.12457377,0.24289657,-0.076139316,-0.14032571,0.04719549,-0.10352104,0.03402733,-0.1718392,0.051923413,-0.22849202,0.020642035,-0.1900397,0.07703255,0.024648167,0.23839152,0.10435693,0.23960796,-0.06313675,-0.004747812,-0.029215923,0.062015407
AS43_12,0.09106648,-0.06287292,-0.0014105015,0.03178237,0.010875823,0.054093976,0.01853418,0.011005063,-0.00987811,-0.094499834,0.046478987,-0.050402116,0.06707103,0.073528886,-0.10478527,0.06770603,-0.004772775,-0.10389646,0.06674569,-0.003404202,-0.18166538,-0.024790335,0.061158948,0.10724228,-0.025407901,0.031764492,-0.050268833,0.07305752,-0.060448907,-0.04605383,0.0012434553,0.078784436,-0.03338179,-0.05073504,0.11815749,-0.032396678,0.16040227,-0.06279659,-0.036849014,-0.09984081,-0.044151615,0.023918346,-0.06623333,-0.00933601,0.06586202,-0.11304262,-0.020725343,-0.007954405,-0.016291492,0.005622196,-0.052845284,0.08906315,-0.067133315,-0.1896948,0.02004435,0.117614016,-0.06643878,0.47246686,0.0030456372,0.22922474,-0.06916882,0.02638826,0.012626352,-0.116104096
AS43_24,0.14342166,0.027526151,-0.08107497,0.046049695,-0.118293986,0.045720544,0.135934,-0.055622146,-0.15438122,0.03477008,0.051778946,-0.0916466,-0.1284329,-0.013614594,0.112733714,0.0030106343,-0.03553544,-0.106538706,0.044661753,0.0799423,-0.12751435,0.0694419,0.010130785,0.095901564,-0.10888361,0.1029161,-0.044794004,0.065953344,-0.0030041821,0.0153502505,-0.13449511,-0.09653871,-0.045961536,-0.16934082,0.0980472,0.011014871,0.2270351,-0.051094532,-0.004644694,-0.035411663,-0.074825585,0.035519317,-0.12664124,-0.07640493,-0.11647918,-0.035342325,-0.130168,-0.03910316,0.015686598,0.017284058,0.08194493,0.15625066,-0.11225754,0.009177208,0.13920268,-0.058735456,0.037678074,0.29326737,-0.007896662,0.15571074,-0.1520937,0.0017772106,-0.0030109445,0.033179175
AS43_3,0.15676843,-0.010069901,-0.051804066,0.031666167,0.0023307367,0.093884215,0.06600203,-0.003777856,-0.08018719,-0.13895419,0.052416313,-0.03505383,0.01042026,0.061598394,-0.02925378,0.11425111,-0.07898629,-0.11131667,0.09126176,0.019847529,-0.12919141,0.0057057077,0.017679714,0.11210499,-0.008152025,0.06862521,0.0077488683,0.059776925,-0.06854349,-0.036300257,-0.09040208,-0.09672014,-0.044313546,-0.10993557,0.08568025,0.06773525,0.20347483,-0.05190675,0.016919171,-0.061091784,-0.086602524,0.08109802,-0.056652963,0.012218928,-0.052325375,-0.09227817,-0.09985824,-0.026463363,-0.0037513124,0.006156626,-0.015066064,0.08601255,-0.13816288,-0.23891272,-0.026115514,0.023053277,-0.026115242,0.36738127,-0.09414443,0.17005607,-0.046370644,0.017452251,-0.0010636463,-0.03746173
AS43_6,-0.0059035644,-0.06369605,-0.011298016,0.03080262,0.0102250315,0.10919103,-0.0011418462,0.0033992622,-0.061614506,-0.108854175,0.055417087,0.035444718,-0.04499624,0.015288789,-0.084906764,0.009307839,-0.035298605,-0.083872125,0.06502631,0.054855093,-0.15321746,-0.0066224635,0.008174701,0.09189785,0.03359519,0.17031045,-0.03442877,0.067589164,-0.19157329,0.03614602,0.01349384,0.12052878,-0.05479976,-0.041681983,0.08347689,-0.04144768,0.20462912,-0.024752792,-0.0631816,-0.08271315,0.08441155,0.0705342,-0.044526823,-0.007333806,0.037878368,-0.05318579,0.031103965,-0.105854005,0.061870143,-0.035261925,-0.056950845,0.10678159,-0.10922982,-0.064052,0.02006716,0.16812192,-0.027802913,0.45072314,-0.052674122,0.2146639,-0.11225311,0.042019866,0.010256845,-0.13111584
AS43raw,0.090878725,0.086799085,0.016193602,0.006853459,0.10755643,0.039885234,0.07900851,0.03751433,-0.06538235,-0.0015910856,0.083860435,0.059980698,0.11165791,0.18043365,-0.06276929,0.07479915,-0.007948209,-0.19664313,-0.044245962,-0.07777825,-0.015500804,0.045452975,0.097893156,0.0592279,-0.0229974,-0.016178535,-0.036323592,0.049528226,-0.16412547,-0.04157297,0.0961733,0.0352039,-0.015799832,0.04893945,0.06662817,0.0010842457,-0.02667735,-0.077209786,-0.09464936,-0.15693495,0.056256864,-0.09292118,-0.13896003,-0.09863986,0.051842995,-0.17193696,0.09135167,0.040219788,-0.08947116,-0.028964132,-0.038425155,-0.088611946,-0.06314653,-0.16194597,-0.041927315,0.10468416,-0.02829681,0.51038593,0.07496597,0.15486886,0.09764148,0.07936572,-0.0030397736,-0.21432832
AS44_12,0.019843705,0.08081063,-0.07475592,0.041162755,0.057269,-0.018983273,-0.056003608,0.060858116,-0.05002208,-0.005452169,-0.10336241,0.12673332,0.030533746,0.07339975,0.1439258,0.054322783,-0.1427728,-0.016937807,0.10032493,-0.0075528426,-0.02544362,-0.090298556,-0.029933553,0.09153889,0.007920606,-0.084999986,0.09401951,0.009241913,-0.16455829,0.060606763,-0.018143952,-0.079552464,0.09643163,-0.029231692,-0.05848147,-0.047813755,0.0054135844,0.048134074,-0.023517497,-0.028812937,-0.32145962,0.042133447,-0.026267717,0.18832189,0.11036606,-0.12131693,-0.10837747,-0.020557433,-0.053045187,0.036709204,-0.036128,0.05376146,-0.18057765,-0.23093711,-0.30235714,-0.01620309,-0.020243648,0.25422412,-0.115203045,0.25604025,0.08387452,0.15061048,0.0762859,0.09869519
AS44_24,0.07491382,0.014722183,-0.08314282,0.043642383,0.0010257193,0.0008193962,0.0070214774,0.032631636,-0.031600945,-0.043214858,-0.043177273,0.06794849,0.026097292,0.086807124,0.078463465,0.11716725,-0.15824267,-0.03523499,0.13596566,0.00058056973,-0.11220544,-0.05515056,-0.024534041,0.110954225,0.046369188,-0.040625237,0.02362061,0.009845412,-0.15935352,-0.011103265,-0.07121317,-0.10664951,0.051406905,-0.022518314,0.014374293,0.024559757,0.07555623,0.007513822,-0.018924046,-0.0515556,-0.22508965,0.054850314,-0.027877444,0.12694003,0.011731592,-0.114533074,-0.124749154,-0.004057723,-0.04019759,0.041316777,-0.05391749,0.0744415,-0.14554773,-0.23351966,-0.2373375,0.010431077,-0.066273205,0.3561036,-0.092557184,0.23168424,0.04055738,0.09648476,0.0655917,0.05715677
AS44_3,0.10735738,-0.061748907,-0.10590168,0.036222093,0.0017939459,0.040527705,-0.014899667,0.023474958,0.021616034,-0.10623328,-0.03898334,0.042764015,0.0044362117,0.1434274,-0.00034014136,0.0935262,0.02824907,0.03580104,0.08199078,-0.03425464,-0.16545062,-0.08791194,-0.09458043,0.11425558,-0.068121225,-0.04041241,0.029421732,0.109875426,-0.11583624,-0.073814504,-0.05223963,-0.075526156,-0.009407133,0.009306703,0.09886372,0.067414194,0.09159059,0.036208652,-0.031959765,-0.034397665,-0.19428706,0.10797915,-0.0510045,0.07457105,0.11129382,-0.06295823,-0.13135329,-0.05899701,-0.101579025,0.0061764335,-0.04914836,0.12415263,-0.15568192,-0.20149474,-0.10237312,0.021340834,-0.031978138,0.34096718,-0.0055452436,0.27555624,-0.13242607,0.084156826,0.08490983,0.0043752473
AS45_0,-0.033271845,0.029338412,0.07450347,0.0011752658,0.0023039638,0.03935037,-0.033822518,0.038237374,-0.09899701,-0.10118237,0.1142121,0.03765811,0.098249786,0.044603586,-0.13839224,0.016975258,-0.04904694,-0.02546931,0.074700214,0.052088894,-0.11320421,0.036033764,-0.05482466,-0.042875975,0.08749274,0.054118264,-0.0047535626,-0.08143658,-0.17155266,-0.11550964,-0.03422991,0.110915184,0.015632018,-0.05369731,0.16525325,-0.040834565,0.047905378,0.018675078,-0.00557035,-0.12046408,0.06378405,-0.0065275375,-0.06842133,-0.014001292,0.10163647,0.086721,-0.03295905,0.038614444,0.03699747,0.107479945,0.023850957,0.1665006,0.04997095,-0.20537274,-0.034573063,0.0022877501,-0.15741426,0.48563656,-0.027644455,0.11666631,0.054427966,0.048200194,0.013400177,-0.083067514
AS45_24,-0.17412406,0.10380935,-0.022879504,0.020353226,-0.013679434,-0.09762013,-0.090913706,-0.030226165,-0.11515319,-0.22036386,-0.24681811,-0.057100035,0.071117714,0.059105992,-0.0033329278,-0.07806445,-0.012632422,-0.020719927,0.031534493,-0.13162875,0.3372484,0.023095187,0.03148355,0.019585107,0.009294817,-0.064195424,0.05776378,-0.055736728,0.030670546,0.086513564,-0.09696461,0.037816864,0.0685527,-0.03243625,-0.03862269,0.09567706,0.010828072,0.0040255077,0.008388741,0.006696363,0.098539904,0.0613753,-0.14044203,0.04244961,0.07718083,0.01072029,0.054598045,0.0067193145,0.09372567,-0.023439478,0.029990138,0.14964715,-0.04153485,-0.0073927715,-0.10044405,-0.037488315,-0.21301065,0.45843923,0.1273121,-0.061774522,0.10427439,0.0042822557,0.042055905,0.09946569
AS45_6,-0.107086256,0.14512828,0.045797586,0.0118170455,-0.022589086,-0.10830167,-0.0566464,-0.036123656,-0.11087279,-0.23536244,-0.37493548,0.01573116,0.006774501,0.11702424,-0.019366574,-0.09823306,-0.027729789,-0.018299885,0.030211704,-0.19089337,0.33672398,-0.028962702,-0.08681352,0.093052804,0.04633203,0.020482045,0.011909759,-0.079652436,-0.061052978,0.035084832,-0.15113837,0.07234082,0.1297065,-0.02356388,-0.05097959,0.1658731,0.01797896,0.016927395,-0.02733558,-0.04410962,0.08662364,0.111099005,0.007087195,0.034151822,0.09636427,0.044261962,0.041706037,0.029554898,0.11140158,0.040081143,0.04193256,0.2661156,-0.06952311,0.13265805,-0.06871143,-0.08862373,-0.16279992,0.3468166,0.116947636,-0.10867327,0.040010203,-0.0076103387,0.033220127,0.08894944
AS45raw,-0.018531088,0.18308768,-0.08539692,0.0034329933,-0.12721351,-0.05950115,0.026311733,0.3319655,0.14769837,0.14369947,0.0339319,0.2779183,0.078946225,-0.00300314,0.11821616,-0.005746996,-0.05185889,0.05434254,0.07944167,0.058368057,-0.16939215,-0.019442268,-0.049151387,-0.035892338,0.06435862,-0.15254714,0.006469412,-0.07788259,0.0855483,0.07544031,-0.09398958,0.056930624,0.12842402,-0.0026087034,-0.10267757,0.1495901,-0.038866792,0.121807545,-0.13891335,0.16401239,-0.10167977,-0.01893168,-0.15942943,0.079041705,0.20474918,0.08031886,-0.14524755,0.040889382,-0.06338782,0.054159775,-0.12698199,0.044514652,-0.16750547,0.12928459,-0.15494327,0.121377766,0.037200112,0.17299779,0.16940776,0.21347511,-0.12648082,-0.13142717,-0.05731515,0.06843281
AS49raw,0.06951605,0.114810236,-0.075151056,-9.917864e-05,-0.059137054,0.076002,0.08056351,-0.06316089,-0.013850307,0.044733517,0.14585708,0.13445422,0.09143665,0.14791541,-0.070760936,-0.04903639,0.023459418,-0.0991406,0.024085265,0.0034579877,-0.10466728,0.03047153,0.13098165,-0.08918008,-0.006882107,0.038980674,-0.06928477,0.04657526,-0.09898964,0.0782565,0.087237805,-0.025476078,0.055830747,0.09547305,0.18177637,-0.018873625,0.03266751,-0.049545966,-0.03236943,-0.08157556,-0.018346373,-0.0020588357,-0.09498476,-0.014864559,0.08753809,-0.14894718,0.11242533,0.08212678,-0.0457534,-0.026346095,-0.009036316,0.03888326,-0.04413852,-0.046184182,0.12667815,0.0804404,-0.059560455,0.51850164,-0.06602199,0.14728035,0.05218633,0.0016496574,-0.021334833,-0.19446282
AS4raw,-0.27089053,-0.07057306,-0.049355127,0.006849293,-0.12688619,-0.15262939,-0.012415837,-0.093998134,0.01477452,-0.17515786,-0.29169717,-0.018249663,-0.09630877,0.10873164,0.10010062,-0.05191137,0.22201656,0.07459799,-0.04645103,-0.046118826,0.11607454,0.022333635,0.05061379,-0.10518373,-0.0134852175,-0.052426092,0.02587805,-0.0145949945,0.09078069,0.13755438,0.039736558,-0.029325644,-0.01143492,0.048534337,0.15673625,0.07697408,0.0738145,-0.008003635,0.021190418,-0.049702425,-0.0928527,-0.0111464,-0.07499467,0.050523967,0.26951694,0.04888905,0.18869436,0.061348442,0.016133763,0.041452277,0.15476362,0.11077564,-0.08550126,-0.0125579685,-0.14642973,-0.11382221,-0.14471191,0.3978228,-0.084886566,-0.034124427,0.08527089,-0.075264975,0.04476095,0.109449744
AS50_0,0.15608181,-0.118796766,-0.030803215,0.075164035,0.022980688,-0.0025685392,0.05287695,0.11691363,-0.17337857,0.031091759,-0.14018312,0.1287765,0.01071825,-0.07670594,0.13540667,0.09215717,-0.1399631,0.05252449,-0.021415524,-0.040446926,-0.058621205,0.054667402,-0.003677932,-0.0710307,-0.0573231,-0.011521278,-0.070041575,0.043886133,-0.05785449,-0.027770234,-0.050452065,0.021927195,-0.05857951,0.028463569,0.06257385,0.06835915,0.09056529,-0.042926513,-0.010431813,-0.09007234,-0.105106026,0.14892979,0.02974035,-0.11486324,0.14718163,-0.0986695,0.033044484,-0.20129032,0.08415365,-0.0057468787,0.14207487,0.1640007,-0.20523363,-0.24811439,-0.070394546,-0.07665163,0.11169514,0.23962247,-0.16857561,0.2069943,0.015009172,0.07505491,0.11673329,-0.0005209306
AS50_3,0.109153025,-0.105091415,-0.058437586,0.051606312,-0.028833011,-0.019596254,0.08157251,0.005509967,-0.13747011,-0.07148835,-0.0017662803,-0.041415494,0.00461049,-0.01771167,0.03895972,0.13410118,-0.0058949236,-0.0041901814,0.04779114,0.0056038406,-0.13589486,0.07789601,-0.015782956,0.0050029363,-0.039405487,0.021704506,-0.077938005,-0.0011798255,-0.030344494,0.010055436,-0.024005933,0.03521526,-0.078885734,-0.031188702,0.14481911,0.04434669,0.10850879,-0.025997423,0.006454475,-0.05647698,-0.046288956,-0.029366529,-0.074223764,-0.13379104,-0.072434366,-0.030768681,0.03306089,-0.10925859,-0.027981214,0.022856316,-0.035290092,0.21558194,-0.041236423,-0.23328657,0.0048130117,0.08390874,-0.10189904,0.41731215,-0.08317241,0.26302886,-0.07962311,0.013141926,0.07128497,-0.06471531
AS50_6,0.07665231,-0.07080223,-0.040507812,0.040555794,0.08813029,0.040298354,0.008867571,-0.025111167,-0.19353421,-0.057614964,-0.037342865,-0.06610804,-0.00018365146,0.0113986,0.017344037,0.09769243,0.0051333522,-0.07405624,-0.023335714,0.0835892,-0.13093214,0.021807231,0.058081668,0.023606587,-0.06299976,0.005392622,-0.03974851,0.093370296,-0.1299307,0.029817093,-0.059900925,-0.087025754,-0.006359783,-0.035583407,0.11091168,0.071709715,0.19576699,-0.062323824,-0.0024787523,-0.04307488,-0.11966778,0.00097321905,-0.049742974,-0.104479894,-0.023314502,-0.09741937,-0.011713378,-0.1281766,0.001766128,-0.00390503,0.06571853,0.13593966,-0.17294143,-0.23909415,-0.05250004,0.027989134,0.057485078,0.3694185,-0.110730715,0.17730443,-0.064268224,0.032401938,0.058773138,0.005741245
AS50raw,-0.015908029,0.09571965,-0.103595905,0.027017765,0.030168196,0.020068165,-0.044787906,0.12054154,-0.05859657,0.10080811,-0.13457347,0.14244916,0.06679609,0.017130425,0.055574313,0.13253002,-0.119194165,-0.03754902,0.07892781,0.0015173275,-0.009876084,0.014046367,-0.06173282,0.094761446,0.06444991,-0.030005002,0.105696134,0.00045443326,-0.09530977,0.04500612,0.07818003,-0.016617116,0.09418325,0.009799572,0.0007355921,0.015109862,-0.0030325148,0.123041555,-0.105153315,0.05226245,-0.17947818,0.020022202,-0.15832546,0.036154285,0.23632197,-0.028513452,-0.2104058,0.11509565,-0.06541421,0.10089494,-0.0871366,0.106754705,-0.17368236,-0.097828194,-0.17992938,0.10467258,-0.0038900897,0.29030734,-0.0056909323,0.32875288,-0.019269533,0.046664346,-0.04291608,0.0531738
AS51_0,0.05299273,0.07392917,0.13066074,-0.031175109,0.041238695,-0.0522435,-0.0006763842,0.1002599,-0.031729136,0.015710706,0.01820318,0.022345752,-0.025434995,0.046910077,-0.025668532,0.16075976,0.016532194,-0.09374845,0.008251099,-0.067392245,0.018804636,0.09043721,0.0026718641,0.0945992,-0.0575544,0.0616337,0.055787817,-0.024402231,-0.13591024,0.035140894,0.16405037,-0.13698655,-0.019914733,0.024846014,0.1712279,0.059125785,-0.02056465,0.02471074,-0.07506251,-0.16655663,-0.098875105,-0.061427936,-0.044863034,-0.13064744,-0.05487977,-0.014401941,0.12355386,0.1351574,0.013272332,0.17908826,0.0670001,0.07392958,-0.037838046,-0.29850084,0.07486984,0.0004370194,-0.18945067,0.42044964,-0.0144138,0.24153133,-0.00040404097,-0.028013133,-0.025927192,-0.12558413
AS51_18,-0.035365067,0.0025572665,0.077802785,-0.009764524,0.16869698,0.043543573,-0.022197826,-0.05350852,-0.17943214,0.050952267,0.09059392,0.0064984495,0.038928345,0.033908747,-0.0029353574,0.2270573,-0.044965938,-0.12108062,-0.019216266,0.007315496,-0.018193658,0.06583211,-0.10294707,0.047870927,-0.011992844,0.10340545,0.038797267,-0.058545917,-0.18871951,-0.086888984,0.057476174,-0.14027588,0.06618263,-0.022379108,0.23080519,0.06734051,0.0719467,0.059535943,-0.03767649,-0.1281896,-0.06466864,-0.04299905,0.003395971,-0.18552288,-0.022939116,0.043888025,-0.050236568,0.18507245,0.02290082,0.22869873,0.11164609,0.091327325,0.11170407,-0.18283473,-0.08754806,-0.062600985,-0.12641408,0.3921775,0.0058778543,0.094210185,0.02427184,0.01877741,-0.0064213304,-0.09020082
AS51_3,-0.006361302,-0.060026802,0.053755462,-0.01599126,0.054042116,-0.0059088413,-0.007746064,0.00031100027,-0.12600896,-0.070170246,0.1031238,-0.018344674,0.015890922,0.08404388,0.043262858,0.21181048,-0.0048530055,-0.13023613,0.022371393,0.0069192722,-0.0824,0.10645313,0.01765011,0.12832162,0.00822749,0.14683327,0.07658553,-0.023107376,-0.17617443,-0.05902755,0.12418601,-0.16496913,-0.04754908,-0.06800504,0.16190857,0.095135674,0.20563804,0.033141233,-0.01797366,-0.08596032,0.009942144,-0.04101947,0.007861221,-0.058295183,-0.08725098,0.046118952,0.02333111,0.16657133,0.036767423,0.111994386,0.014037618,0.11156444,0.039165836,-0.23807572,0.050290953,-0.019775126,-0.11792146,0.4234966,-0.074315,0.102871194,0.049353592,0.022357306,-0.04233811,-0.07548532
AS51_6,-0.013101853,-0.09227798,0.09586348,-0.016337613,0.023661809,-0.035753537,0.04590237,0.09640131,-0.15463564,-0.11286361,-0.022247955,-0.034751605,-0.0719446,0.12855645,0.05730234,0.3318036,0.059134252,-0.12076241,-0.032057036,-0.054518387,0.019367151,0.1500282,-0.0031116228,0.22104317,0.0008428134,0.20965512,0.035320297,0.04815752,-0.09908811,-0.02733082,0.11847629,-0.10057951,-0.09354544,-0.07165844,0.07835958,0.0653878,0.24971856,0.037773814,0.00095721893,-0.10345872,0.067097515,0.02295392,-0.0678247,-0.06968312,-0.058711283,0.02934469,0.05639856,0.1380098,-0.026689418,0.10181774,0.031550452,-0.00409884,0.07981838,-0.22480841,0.07437003,-0.01839066,-0.043256525,0.28201342,-0.026792202,0.1788213,0.015853247,0.075909495,-0.028736016,-0.019337479
AS53_0,0.16376495,-0.042350687,0.04478407,-0.015984545,-0.043603502,-0.113633394,0.06878594,0.04609229,0.22366934,-0.047325276,0.13657013,0.032081485,-0.16085818,0.04999512,0.02952727,-0.05997011,-0.037153337,-0.04604138,0.1520695,-0.022350254,0.04406482,0.01650992,0.0061490447,0.07787204,0.033898912,-0.07638236,0.09056557,-0.08485968,-0.009085361,0.14269736,0.08378169,-0.05031912,-0.08932109,-0.030954644,0.04517653,-0.04985955,-0.010730739,-0.0038404688,-0.02704081,-0.09211065,-0.11340155,-0.07163392,-0.02097571,0.10021657,-0.033128597,0.064721495,0.04435697,0.09353581,-0.04853912,0.047002338,0.00063087326,0.025682505,-0.11199056,-0.22408707,0.0023852438,0.022322766,-0.17070867,0.40741482,-0.05131726,0.19157806,0.048347596,-0.08208839,-0.010866251,-0.060555212
AS53_12,0.1363674,-0.085899875,0.07730712,0.011522824,0.011751343,-0.06409776,0.040709812,0.055424243,0.06744182,-0.12950821,0.07276225,0.029436246,0.09782501,0.081016906,-0.021403719,0.023452558,-0.066808425,-0.083603755,0.10185814,-0.046518773,-0.1304995,-0.0055159796,0.027215758,-0.010022305,-0.028291142,-0.0912499,0.017070945,-0.009195449,-0.12726012,0.0678988,0.025215764,-0.00973127,-0.07830697,-0.060090855,-0.0004973477,-0.05254857,0.0117234755,-0.042936675,0.0020080954,-0.1535993,-0.106968254,0.04394969,-0.032430805,0.04157357,0.033090077,-0.059092566,0.056042004,-0.0074161915,-0.05951544,0.0215019,-0.010499646,0.093191504,-0.060116768,-0.34966934,-0.011250176,0.02746047,-0.15278037,0.44280782,-0.016913757,0.2376378,0.013864333,-0.03549753,0.025794433,-0.10323363
AS53_18,0.14537215,-0.05315064,0.0254233,0.017830672,0.055554494,-0.0874167,0.021629978,0.08109152,0.05897973,-0.06208207,0.051634606,-0.00081237033,0.010603833,0.10448457,-0.064417094,-0.005639175,-0.004567637,-0.06357682,0.12251504,-0.024833012,-0.094740614,-0.028239943,0.019420054,0.052988254,-0.038472526,-0.02400983,0.008923604,-0.048755147,-0.16824809,0.05581338,0.049949538,0.12099803,-0.059743863,-0.024412397,0.029586669,-0.073033005,0.023175212,-0.049323343,-0.024035605,-0.099375665,-0.037712894,0.01427117,-0.088736065,0.05860459,0.059357688,-0.091844454,0.07150029,-0.020531893,-0.09253902,0.009300606,-0.029092692,0.061212264,-0.020164333,-0.2897089,-0.07133648,0.06675433,-0.16689569,0.4552516,-0.030383252,0.25392997,0.020475175,-0.0047120056,0.052020214,-0.11690046
AS53_24,0.1260463,-0.027328316,0.03764859,0.0043271217,-0.11028927,-0.12616795,0.06259003,0.088785805,0.08440681,0.026257914,0.051926073,-0.028606493,-0.04486531,0.079275966,-0.019501053,-0.020981884,0.032331903,-0.049135808,0.072972,-0.040865675,-0.12980142,0.023055155,0.038039397,0.025356075,-0.017935125,-0.0645127,-0.06899992,-0.10976078,-0.08021565,0.0032321494,0.037155055,0.14876676,-0.0866552,-0.004000699,0.0794439,-0.05169932,0.010044372,-0.056930743,-0.015396418,-0.11026695,0.027235806,-0.034073167,-0.09648688,-0.0248981,0.02918452,0.0358005,0.1040114,0.041252367,-0.051092464,0.053422224,0.023811104,0.14452842,-0.034695745,-0.25725472,0.0870208,0.09195925,-0.22807576,0.41853133,0.016833821,0.28521675,-0.06763755,-0.049442858,0.045072302,-0.074280374
AS53_3,0.21435915,-0.09126615,-0.09589121,0.057438083,0.018608123,0.038277496,0.13099858,0.004577622,-0.06320873,-0.034080815,-0.01333185,0.009099283,0.019753916,0.119362734,0.034237646,0.098785356,-0.1142841,-0.105835445,0.17936872,0.022797612,-0.1380781,0.0071184747,0.08245048,0.05512514,-0.058977485,-0.032002367,0.013382865,0.020526119,-0.08505184,0.040548764,-0.024185551,-0.06986084,-0.12429762,-0.08333397,-0.034658592,-0.018507984,0.14296152,-0.04990478,-0.047728483,-0.09550085,-0.029381897,0.0810788,-0.12448356,0.018988768,-0.037828602,-0.14029229,-0.0185704,-0.102591895,-0.09853597,-0.04967868,-0.007887794,0.12400079,-0.15395035,-0.2459232,-0.08294183,0.006269443,-0.070013866,0.36150193,-0.09432352,0.12065129,-0.03427596,0.013709494,0.04934384,-0.08284522
AS53_6,0.13199246,-0.11534249,0.03002735,0.027950699,-0.08081678,-0.08191228,0.07370871,0.055480078,-0.008304732,-0.08180147,0.03463398,-0.0070188344,0.026857428,0.050368905,0.022272618,0.06461854,-0.056665134,-0.07280953,0.08346957,0.010364817,-0.17350869,0.07478023,0.057498995,0.06642921,-0.058003135,-0.036056094,-0.019914236,-0.037768885,-0.086408846,0.012851622,-0.010289221,-0.010630922,-0.127168,-0.10696603,0.06886768,-0.023121018,0.06207495,-0.06733406,-0.024693448,-0.13651118,-0.06988822,0.0074958764,-0.03811487,-0.03746807,-0.057946227,-0.04948857,0.007932,-0.0023499941,-0.047982737,0.052323673,0.0224202,0.17310542,-0.08725886,-0.29344362,0.068119675,0.027401768,-0.23302357,0.42189097,-0.0744164,0.23955043,-0.078273885,-0.028762763,0.03867142,-0.08655965
AS54raw,-0.0045435317,-0.009975925,-0.12216095,-0.006612856,-0.010323028,0.14476968,0.043918982,-0.09358277,-0.07900612,0.025545115,-0.029047463,0.0072483504,0.04426538,0.08566611,-0.13318351,-0.17320758,0.03925195,-0.027046919,0.09435916,0.09234613,0.14086582,-0.096248254,0.24519189,-0.102964126,-0.011270521,0.010416483,-0.028484259,-0.0014734566,0.00568299,0.0988625,0.1506329,0.085421376,-0.0871169,-0.034582064,0.16840261,-0.07487187,0.074332565,-0.020909537,0.021380851,0.048506096,-0.0023799296,-0.1807897,-0.14602584,0.09650798,0.11014031,-0.08299825,-0.089202784,0.0069035613,0.008303758,0.044400167,0.092439026,0.1258122,-0.038822524,0.008321911,0.014427472,0.0696033,0.0015825406,0.44564867,-0.10916097,0.12139794,0.038399544,0.00090711087,-0.029845687,-0.014914256
AS56_12,0.13079691,-0.040979613,0.035297163,-0.010196689,0.21661815,0.046765212,-0.09152212,0.025652895,-0.1077697,-0.072947204,0.106781,-0.019184686,0.1015277,0.082067885,-0.0394703,0.06937881,-0.15028141,-0.04954851,0.17160527,-0.011947896,-0.11842863,-0.09106013,-0.00738568,0.031603757,0.005624179,-0.054434538,0.06810728,0.018449398,-0.16141224,-0.04027994,-0.025654666,-0.06552907,0.01935675,-0.04717867,-0.021801375,0.018208377,0.0721399,0.09081013,0.061151095,-0.013641064,0.007836936,0.044714507,-0.034728047,0.028487908,0.031913362,-0.018442784,-0.18446833,0.083940655,-0.10028283,0.058046825,0.08232857,0.10539028,0.03163183,-0.24407946,-0.10627918,0.0044783587,0.027792785,0.38209146,-0.023467638,0.13920227,0.11265166,0.12670542,0.055905744,-0.060372017
AS56_24,0.010241235,-0.17886233,0.009480907,0.019899467,0.2913518,0.014240578,-0.0024628341,-0.073798,-0.108720005,-0.1401395,0.13963288,0.10299234,0.085715905,-0.0050823083,0.01344409,0.17759746,-0.08566509,-0.029308025,0.12406239,-0.1256146,-0.029789576,-0.039074264,-0.02926083,0.035163175,-0.036608197,0.010656925,0.010670414,-0.06769403,-0.053801894,0.0148093905,0.043169025,0.019097617,0.055854153,-0.11577603,-0.010580501,-0.021358121,0.048613876,-0.006845819,0.08089445,0.02550212,-0.20751679,-0.012730462,0.015158784,-0.02275137,0.014353597,-0.053544804,-0.065575235,0.09947575,-0.053929947,0.04587096,-0.047811426,0.10070691,0.06752516,-0.19478537,-0.11285588,0.00790148,-0.01352172,0.4237381,-0.07115858,0.24415189,0.12903179,0.04219192,0.05959157,-0.073952004
AS56_3,0.15655407,-0.104593195,0.030897308,0.0207029,0.23220757,-0.064489156,-0.08790028,0.11163328,-0.21417381,-0.012692083,0.16833396,0.00015517324,0.043622334,-0.071409516,-0.10548998,0.14935191,-0.08955537,0.017981546,0.10149744,-0.0029330943,-0.10646766,0.007351731,0.006488247,0.14310399,0.02164486,0.0074182358,0.10349295,0.023193795,-0.14373031,-0.103528686,-0.009319048,0.034245633,-0.04799832,0.049180012,0.007934075,-0.076221764,0.0735074,0.07485055,-0.054186434,0.03354786,-0.039164506,0.02301763,0.0041016503,-0.06183537,0.06241013,-0.06693512,-0.17162336,0.03901304,-0.058051765,0.06397554,-0.031048356,0.119627416,0.11982092,-0.2844411,-0.021200433,0.025697071,-0.16928884,0.3815139,0.049260095,0.108288236,0.086867474,0.11168822,0.08179686,-0.052235544
AS56_6,-0.0013116077,-0.039255764,0.070603594,-0.035658352,0.13884643,0.15987466,-0.09461638,-0.058995895,0.060988534,-0.12616576,0.16482645,0.05817703,0.04680353,0.109470524,-0.08959154,0.059847627,-0.040055797,-0.047134317,0.050324477,-0.020913068,0.025807887,0.021026772,0.011645587,0.014175016,-0.041451603,-0.06974369,0.033621408,-0.032797907,-0.039109975,-0.13892135,-0.09547754,-0.040892165,0.008407191,-0.08969189,0.024542972,0.13171442,0.11134254,0.038339093,0.021098977,-0.034177653,0.005626551,0.052227076,-0.07168934,-0.07807871,-0.0639112,0.15076774,-0.098228216,0.09279599,-0.009074996,0.022990411,0.02683795,0.009931661,-0.087841175,-0.2868479,-0.104104266,0.09285045,0.06909193,0.36399022,0.056017376,0.19823177,0.0048929714,0.008168181,-0.025918989,-0.15045862
AS56raw,0.07168357,0.19562882,-0.044470303,-0.0020765308,-0.060265146,0.118300855,0.08193138,0.13976885,-0.1267588,0.010910604,-0.099444166,0.16340984,0.1008651,0.12109805,-0.055397496,0.15413968,0.027359456,-0.09342795,0.01623655,-0.088494584,0.07007918,0.07507944,0.08121964,0.028378185,-0.052182384,0.16649057,0.01259735,0.049442355,-0.10998423,0.06438446,0.20049998,0.0058162166,-0.02128351,0.052619047,0.07931997,0.0149149075,0.0019277614,0.0034543052,-0.055067457,-0.114901304,0.030756151,-0.01781156,-0.23314919,-0.046109147,0.1605145,-0.13732412,0.132218,0.06104849,-0.036036406,0.027209155,-0.059784785,-0.00018669665,-0.03493658,-0.12166205,0.08677822,0.0622967,0.027966406,0.36089984,-0.10803244,0.22153118,0.037349403,0.09831207,-0.08108612,-0.13893633
AS57raw,-0.116438136,0.1352956,-0.048157863,0.017213896,0.015323436,0.1000717,-0.021617778,0.16379483,-0.023968954,0.2682044,-0.30407003,0.16256967,0.0185139,0.022098057,0.08047525,0.16184929,-0.044055123,-0.022729136,-0.12645039,0.10295602,0.20977086,0.060519803,-0.02966677,0.05676937,0.11376001,-0.022556933,0.013756093,-0.021318063,-0.0639185,0.08688809,0.059338693,-0.046969596,0.08375341,0.02743056,0.0038442798,0.10352427,0.10092457,0.14077693,-0.13274947,0.10011188,-0.18914273,-0.16049744,-0.12612718,-0.044995595,0.12618892,0.062606506,-0.18254197,0.15246487,-0.079279765,0.12283385,-0.020429092,0.1467695,-0.24205662,0.04712457,-0.20738947,0.14667477,0.076881915,0.10720545,0.06741136,0.28022063,-0.11884814,-0.0060876757,-0.0031310134,0.08022097
