,0,1,2,3,4,5,6,7
AS43_24,2.1105504860967987,6.265864833138314e-46,1.1783633343604438,6.682405263646902e-08,0.06408968743104916,1.6799874736306486,1.1113740537735486,5.336274882384887e-05
A49_01_1FE,2.0382451502821963,0.10745676445071371,1.7282595177871297e-32,1.7622007776998605,1.6408060480377264e-06,0.7434969548457587,0.1715705526060525,1.0162294473665607
A58_01_1FE,2.131604280096701,2.916387391381877e-18,1.291572606353797,0.3004989393080901,0.16046245627521263,1.4023741372827088,1.509717338417307e-38,0.5776194095086966
A10_01_1FE,0.2978163065219333,0.11871679394145325,4.0194847205288855e-26,0.36493432658534153,6.923576941950875,6.784997200352609e-21,1.2057357241255947e-05,0.12537151451624037
AS115raw,1.4705257515607566,1.0406437933641071e-41,0.9170798444427198,2.666618089318562,2.06643263644015e-06,0.4134243512121978,0.5869588889516688,1.1105528015786803e-09
AS101raw,2.027493347092297,0.12926343554970246,2.1280923919944135,0.2225873865372125,0.04094962020435362,1.926188037736614e-09,0.45766447737688437,0.7406357311118679
A46_01_1FE,1.5764529278909942,0.8446779916485933,0.08139618481770727,1.0990118437006535,0.9018896680003735,0.9695437117631407,0.5612696075448717,1.8609156398488955e-13
A42_02_1FE,0.7868496661846072,4.2547269058619015e-06,0.11696545260998142,0.00011422382053409672,3.5984082554476715,0.27416271091743777,2.44814039744846,0.8588647506281765
AS45_0,1.7601666610788993,0.0003825211003865579,2.091758661570987,0.5530268328796448,5.337652379973672e-06,1.2980063966482105,0.19906931759622198,0.14381224312916738
AHCT5GADXX.N703-S501_AGGCAGAA-TAGATCGC,1.93325425709589,1.5691329477697761e-32,0.41903403032898123,6.2147004702160734e-15,7.80931036263441e-05,0.9160655233942249,1.694189483608507,1.8646154719448205
AS128raw,1.4704593193032363,0.4492606489003704,1.4096933613189582,0.3285813951425031,0.27197610800056193,0.38402050364711654,1.7494816976924237,0.5214791745446696
AS54raw,2.5628741480817676,1.5349583928580308e-31,0.8373259822559415,0.5766316965016733,0.031586288068110306,0.13937701837693114,0.3457635073548827,0.8744670476255963
AS56_12,1.2680972021533627,0.19419619437928431,2.5665520206682464,0.8421806425428209,0.09580913752805148,1.0833517559903814,1.2972288212894416e-18,0.2531279003818703
AS40raw,2.6230207416194666,0.08276528686860646,1.849936263903171,0.0024151097434763178,0.024414123672878887,7.962064536289712e-08,1.450000937016039e-08,0.46951198347208223
A34_02_1FE,0.940181192529875,0.15383829599367005,0.04406039851424525,0.07557916355364741,3.9745170706014616,2.1870700923025175,0.008241918821374023,4.284301000857064e-30
AS3raw,1.8030398343048597,0.6905676966077754,1.3183025486519286,0.0733405895628566,2.6963377887740154e-13,4.3441828152416325e-23,0.9261914090171013,1.244815023173387
AS53_24,1.601592157110581,0.02078902447433508,2.2368180115244,0.47511899121646506,4.863404151060699e-08,0.39858624279016236,0.1455786268284028,1.4316034899809127
A27_02_1FE,2.2118753358913126,0.22057522654853282,0.02522386082038131,6.551040720510431e-17,0.41048626565960317,1.5724939525193637,0.4837429854544896,1.2520979067586442
AS44_24,1.4309458417136645,6.400022840929224e-41,2.636813492515886,1.0076507722612942,0.07784204320569899,0.6022454073424378,0.1426611093210603,0.24937304969281407
AS138raw,2.300909514157696,0.444055551456641,1.1453668935422,0.2141279122296083,4.424835710089419e-05,0.0009841825945394549,1.2823518713443292,0.11948191879976458
A89_02_1FE,3.105382335906026,0.00518091393271692,8.826880969695838e-33,1.2766479447047162e-21,0.20187978807064152,0.7004745854034299,0.001066966218641653,1.029847915532831
A34_01_1FE,1.4047609597354418,1.0688405295370538,6.462724232364164e-07,0.4550191252809156,1.255143748827213,0.6886662470783451,0.1522395197199942,1.3524360811599372
AS43_12,1.712795239091291,0.01417590875724979,2.24509908401692,0.5705086027464034,0.0362066062947717,0.7082486773628386,0.4528856457089635,0.3402549487675508
AS43_3,1.5399547978415358,2.1909984381833012e-15,2.3204159431780833,0.7772217218983218,0.002501625131785113,1.2871616759628113,0.25490464897551635,0.01181876350090513
A91_02_1FE,2.8731992288909822,0.2705292452441104,0.12804526576721886,5.640070866299884e-05,0.12893073610550956,3.108350413771827e-09,2.55126309518623e-12,1.7879607914637203
A10_02_1FE,1.8058303834254892,0.13335021601060582,0.00035448350707287273,7.894038005542111e-08,2.0488150703991237,2.4870409104762476,7.280070901021956e-22,0.0006682706978703338
AS44_3,1.6062511993082842,1.5807184476071533e-36,2.758586792018719,0.8377661335934659,2.748364469389727e-05,0.7030450677563763,2.4986958843360367e-51,5.093378658655506e-07
A14_01_1FE,0.66160025105632,3.3782544300746618,0.13171056934983608,0.16408380503125322,0.29762331804451403,0.10388923241023634,0.7546983586745607,0.42849758845857855
AS41raw,1.445438422252832,0.6156925216045295,1.7373920328418782,0.41944556330235105,0.2633525264502454,4.120373265936547e-13,1.4457016339142785,0.38785174780859777
AS105raw,2.033648650664976,0.0005908185920850334,1.9884079751358954,0.32851808841414337,1.1441219898200185e-05,0.5394814325646494,0.5211301849061911,0.41933494984973047
AS43raw,1.793020180147916,0.05588671580342303,2.14605040386003,0.3752000896231678,0.08638329261378458,9.293331149773226e-07,0.7457395437204748,0.8998839666592312
AS119raw,1.9924881430546582,0.13689948132050914,2.625142161509807,0.4852794678390447,0.09034466241806101,7.793733367192503e-08,0.1070573768055316,3.1269564304923595e-16
AS51_0,1.818170941438292,3.326516040393179e-30,2.7936602567099365,0.5689482586241823,0.0002532565070244188,0.5175200393159547,1.868770802323269e-43,4.395165115585291e-15
AS108raw,1.521579518476568,0.16372569325933553,1.9462544863010545,0.4995882909447933,7.225326340756351e-07,0.22363196202599656,1.9944002011546788e-13,2.070961192685413
AS31raw,1.6141939185226803,0.30398108141348923,2.196126334916836,0.410569082010007,3.240402371401496e-09,0.1870570378732351,3.979303868832894e-26,1.3902736708428152
AS56_6,1.6173305812563465,2.678200210774576e-72,2.257810880356478,0.6081212010916616,0.026537282046442432,1.6295142434138294,9.416128380020203e-63,3.0602857650940876e-07
A47_01_1FE,0.4280599044500395,1.6108231842872531,0.004479413671769097,0.011241365188152004,4.884608627713666,0.0011871965559575256,7.385345176923984e-12,1.0104542734230259e-14
A36_02_1FE,0.982329838054584,1.085208807307376,0.0750814426014404,0.8655974375500152,1.903800817644073,0.48242144137180154,0.3883216773647506,0.9071957862905424
AS49raw,2.0964202110071453,0.02488995550974102,1.3536211907729836,1.0278761841438817e-07,3.935969959279977e-06,0.0010556513322036983,0.9905844059129414,1.721579941325907
A24_02_1FE,0.7968597620218486,2.8079162030612066,1.0094712020442784e-16,0.24852078423295876,0.06305011673759985,1.0623988092574939,0.9014654061460561,0.32372252525606693
AS126raw,0.7802514383042596,1.6636113224016307,2.2984880094182114,0.8689683105929171,0.21578738925443736,3.457294245500931e-19,0.13533555404305064,8.786724642269035e-05
AS136raw,1.6530101569392728,0.0008923987000588478,2.579916504154269,0.5878201884566195,0.094135066239522,0.35129258351617576,0.10571443945982015,0.6598839809708646
AS120raw,2.260632513115254,1.1686842082288902e-19,1.4833700067329263,0.0008197046863012725,6.3305154856324185e-06,0.1722661056450099,0.1698948516553718,1.7590305055419921
AS29raw,1.715430972644213,0.24476626844527405,1.6337415826681545,0.3623687870723077,0.036868027439845186,0.644185628965438,0.6073183161006608,0.9973443454277836
AS117raw,0.6166884241553987,2.335637668541678,1.1050038460522873,0.2863548286961992,0.619473803463539,2.2911340307478845e-14,1.4324711731928979,1.8968164084511083e-07
A02_01_1FE,0.4970211854767636,2.310566442002841,0.02284454237351472,0.16475812293354572,2.3224538937349544,0.8148246552625276,0.5262566955450411,3.801084474946971e-14
AS10raw,0.6767879894786875,1.9079956046254027,6.124627902501952e-11,0.0047832543376083005,0.34423346748029465,0.7756591058602977,3.3136188474163153,0.33438380823921215
AS18raw,1.5419871099605436,0.14219140695042284,0.7789350396104594,2.1620344549445054,4.3471877948114685e-09,0.10180368262237445,0.5933409207098577,0.8184204609455262
AS50raw,2.00088977690243,4.365997592824126e-38,2.5190437903125296,0.6571786647809549,0.040704012407289734,2.0692359814133085e-12,0.3051833379837466,1.4883562306738391e-08
A85_01_1FE,1.5302671921756075,0.8576181647592978,1.6872710613640133e-20,0.3918197226474406,0.40864680307490736,2.0477220332654467,1.2011851214718632,0.09384040414045747
A82_02_1FE,0.74126314899149,2.7415209483573753,8.005331109993562e-13,0.002877985440814585,1.2422941030635568,1.424446484369467,3.386373534001309e-08,1.0425197557434031e-22
A11_01_1FE,1.0164320943261165,0.7273737210764254,3.388338107536814e-12,2.6737384787002444e-05,1.5567813828808599,1.7442581379278115,1.816346703770955,0.5863075673909078
A36_01_1FE,1.0844457585276073,2.2047769665301926,3.344573229982381e-07,0.12554270782851892,0.503590422763048,1.818820917411442,0.4258268771068421,4.407878544067457e-06
A72_02_1FE,1.1947854589218532,0.746277722190031,8.525777418974612e-16,0.8962504828805226,1.8988078067641396,1.3331012748337707,0.13988121138856038,0.38745959982124756
A13_01_1FE,1.0597399651891986,0.9330081589150275,0.0011098888340862572,0.12938145465841372,0.5763586851191935,1.989069336269094,2.39439271589608,0.2749813004415366
AS106raw,2.3699698261767836,3.7855267825794936e-31,0.9914951246121927,1.4408078330180447e-06,2.048658056914297e-08,2.4741394122556743e-06,1.770312393166813,0.8364481354421377
AS53_12,1.2647042355908906,9.582564449952497e-26,2.4961616822919157,0.7386264700381246,0.2973518880301709,0.10536197562190663,0.8895180018391831,0.8264334386906087
AS131raw,1.7798059005813722,0.6292895433641473,1.9256360243069068,0.40490709001031105,0.02511503754028554,5.050048504656551e-08,0.5977870040691912,0.35247733131163356
A01_02_1FE,1.1942420953087518,2.589768656897006,1.165063331659416e-06,0.06567352742530602,3.496279975977693e-05,1.0396939725790781,0.7025899598652677,0.2664134813975492
A62_03_1FE,0.5738634052863468,4.373799937483072,0.010040756595284864,0.02200872082937613,0.23224007842263575,5.420571521332954e-07,0.10101605805142697,9.384516682216725e-10
A48_01_1FE,1.5436187427025736,0.47600843846207636,7.499364691756019e-05,0.22694110921120253,1.8918868078292783,1.8808283077412402,0.2531850493481282,0.29827227553318303
AS109raw,1.592748157398179,0.021519320535630552,1.3214271570075624,2.644888636349656,0.05933511389240024,2.0162494261723118e-10,0.03484051413379253,1.574375131332603e-28
A66_02_1FE,0.6313496514674025,3.9556786026263255,2.6468518936420677e-09,0.10043027087118082,0.037566782063445485,0.39595046765694697,0.3220480152099699,0.12972766109928047
A43_02_1FE,1.4304817724225463,1.7354925644275876,6.663717444780946e-14,0.5369430409250368,1.126881876651459,0.7012982454398932,0.22635281813215583,4.233857812052934e-16
AS134raw,2.14342166495668,0.27152344345654184,1.7773960524881907,0.22027187988198443,6.201056734520752e-06,0.2276056018901788,0.4008351575121933,0.5389236919989869
A54_02_1FE,1.0884001146315825,2.775957265407879,6.8265224908136e-07,0.046209889694158325,0.8822369571920965,0.8471520203634385,1.7925211323440595e-15,0.029256695925755916
AS53_3,1.6030386391876614,3.942456568737681e-16,2.631175149820782,0.5218348613198146,0.1271959343696969,0.3059847554958877,0.28354732754804834,0.6542674018149848
AS111raw,1.291542546123038,0.9505446723068827,2.430781971460088,0.6260307751149788,0.20321087408881897,9.272873150986999e-33,0.2828349174205138,0.05556474983304505
AS44_12,1.5507251392333206,6.611248966407193e-66,2.484834774362938,0.9789713552974243,0.5225296407252275,0.27295089247412563,0.15542683903505156,5.721366672389418e-17
AS50_6,2.1213316512780005,2.3370410853509994e-33,2.3503016836848065,0.44875628049223937,0.0395271942057595,0.49619874251177987,1.7087106332574624e-29,2.015922910645079e-18
A56_01_1FE,1.9780818594803045,0.5502969946944947,1.4275360343523797e-14,1.849837490038488e-13,0.7760701390174456,1.5347732479139327,2.864115841629156e-08,1.3354464026356396
AS50_0,1.5978012689666785,0.17896465652351143,2.876055757532886,0.8799841782821861,0.17373721427278777,2.132481264663511e-09,1.255095214437732e-23,2.1353456766526116e-13
A29_01_1FE,1.9533537825837384,0.4566383773469978,1.2064589428434572e-05,0.00012783906589981147,0.6597807654172294,2.076079280978905,0.38392416616590846,0.771952511539475
AS4raw,1.5525969224158842,0.19897348222830313,0.39868530934321156,2.1447016613018337,0.7000605813218299,0.005492298839322014,1.2541571970200445e-24,1.0696805634648472
A39_02_1FE,1.7381310856652985,1.0933472383218752,0.8602460113490819,0.0006847891143557993,0.07284830721229402,1.6320224024845824,0.14931490044191809,0.332426769935377
A48_05_1FE,0.5257009601778219,3.9161474257952795,0.047065550445601914,0.009597254075735438,0.9848034093452638,0.11771407254302195,0.0006465895233360957,3.502711242361876e-16
AS100raw,1.7336987226432712,0.13985826948257268,1.3165260386258142,0.15373227842068612,3.438662106532011e-08,0.21524444346015495,1.325945395088226,1.7191642023805216
AS45raw,1.3589482130193473,1.8087762401475524,0.6765056239955476,0.2405896193084944,8.664399554406469e-09,4.6826053012683545e-09,1.1009956159833116,0.8056248271586252
AS24raw,2.0748117597399025,0.34498516116003103,1.0045323604663696,1.200950161727709,0.15074401736738427,0.623753898367048,3.3014295064248326e-19,5.455060748186844e-11
AS56_3,1.5348035358395231,0.2630655684161326,2.710190790982943,0.44230615040604565,4.6378619545475566e-05,1.0176134099751453,1.4446635254577853e-27,0.013199744044377541
AS56raw,2.1215232244525994,0.0568973345939444,2.477831054279472,0.43217860423868343,0.035892419324489014,1.2686450709330117e-31,0.1431198193690444,0.13476585109421466
AS19raw,1.6150715901600203,0.4462299624734056,0.8838899733822555,4.812732019498806e-08,1.5064720391141912e-05,0.03648518926702422,1.4915499723984562,2.32674663498246
AS12raw,1.5717316035134234,7.414235165416604e-62,0.16090685682520328,3.5547521359126084,1.159899616903283e-06,0.24502336770400354,0.20705681446039179,0.036947623896846186
AS20raw,1.7228535310470312,0.12400514525220695,2.4322600663176317,0.31714676415834026,0.0040558245572812944,3.9227522637607345e-09,0.6824172269186907,0.7948714972487083
A40_02_1FE,1.4185156115202566,2.108032048579897,9.571073050230888e-12,0.0005178804160885013,0.02758026323992021,1.4818684219752951,0.04326481278618238,0.8025110689278069
AS53_6,1.4085456971466186,1.120682579217982e-31,2.576499714486746,0.5677119948024812,0.34376869520250036,0.4941955629296235,0.7359689424623036,0.27177535300583044
AS132raw,1.7779589986884246,0.10049667949175006,1.1998426844645185,1.0924473056680843,3.2563562900105607e-06,0.8380478508406253,0.4704865500272972,0.6073676864295687
AS17raw,1.3107952377706469,1.0000908830912898,1.9875264786636488,0.61323001271329,0.0009780955496299657,0.5055430151725925,0.055634650374049785,0.4813112828543321
A45_02_1FE,1.9228097543152134,0.35415301188903503,3.0443179498061858e-33,0.9895169366164666,1.0366419327514358,1.2542420441594595,0.11947665590441968,0.2505474780239764
A72_01_1FE,2.1736314991291654,0.24558415483057203,4.140999329792491e-09,1.22809574002266,3.0830289009434665e-08,0.7445596008908931,0.2015323718114242,1.1712029953604182
AS21raw,1.8129423694676698,1.54498518028369e-15,2.168027531922363,0.3470645651307157,1.3958783801027208e-11,2.8473040729365586e-05,0.29034420894171065,1.499897858094481
AS51_18,1.7797089364933816,5.015518032605667e-49,2.337174350019495,0.5586995026475422,0.04231506134119053,1.1703662278523161,0.013898592074247032,1.0227920852173668e-29
A94_02_1FE,2.07920207932471,0.021389368485939548,0.03854362976461625,0.3293790515528594,1.2389709278803878,1.3215833279111469,0.10012661766033754,1.088535617191715
AS53_0,1.5409600831508277,1.0245390660395542e-43,1.4797063744070151,0.46906808444971576,0.2512448141467475,0.1648392028060912,0.45980282756727586,2.351126048310084
A73_01_1FE,1.7930142051677997,1.3876447669194105,1.2859577003221266e-08,1.62674082607727e-05,0.4217801020141837,1.0390565767492705,1.6107424908022284e-06,1.213365494716802
AS45_24,1.7845644965289529,7.866336603832023e-61,1.0690370537482567,1.96220660242987,0.03327287271335726,0.7500938197658317,0.061202066719997957,0.11969231116395544
AS122raw,2.6397653478946146,0.28152274714504694,1.6413546637587733,0.15832167981805367,0.04039120919472937,1.1963894806688232e-16,0.1083865252245211,1.5230110507426596e-26
AS114raw,0.931507508045008,3.2503220725776534,0.16606964386968304,0.9163486463925152,4.6808964117279714e-05,1.1490793689945886e-22,7.813062564606926e-40,1.2078496381087944e-21
A25_01_1FE,2.0507579431194816,0.1958561028004439,9.041226605690354e-24,0.5200468684828283,1.3748760611247544,0.8418970973081366,7.918621407543484e-06,1.0525238864694815
AS51_3,1.7959775345455988,1.2294010012270014e-33,2.989622593046909,0.435744017603575,0.00022814772240063212,0.49584867067310184,1.832330280186168e-43,2.3807087718721296e-07
AS36raw,2.4833474613137425,0.597754901330902,1.484731611363331,8.722115212739985e-06,0.015785959134897033,0.2606819127698534,0.01037014503784298,0.1158810389044466
AS130raw,0.9384774293049358,1.290153770203351,2.170971685081222,0.7097803976702095,3.2970159550461775e-05,6.583897165475259e-08,1.147328575935722,4.3932360531289724e-05
AS35raw,0.9415628052357284,4.705237624311615e-16,7.431215417107431e-14,4.153378028454673,0.15616517776973565,6.059671194614777e-10,0.8780471604777982,0.4341440539263666
A70_01_1FE,1.24284848628785,1.9634607422243155,1.5619356542255904e-18,0.425995310246781,0.9657652465592476,0.22090899004989525,0.1591649410577785,0.9928081658683525
AS51_6,1.6238155992257117,3.449765717206122e-41,3.4388050457468613,0.6496984073187919,0.016524621661745845,2.342117727690318e-06,9.954942710022146e-54,1.5137720299729744e-29
A41_01_1FE,0.7879500769194706,2.3711514360056234,0.04191491934855413,0.11870297946436335,2.1860193221489035,0.12248577360428892,0.033597829637577264,0.5508721969858774
AS25raw,1.3393225241632523,0.8366708795090232,1.9944689623833138,0.5420117311657294,0.004114005982130797,0.4754367337520586,0.12652998038290605,0.767313745943904
A22_01_1FE,2.0750828801587105,1.0015212249525192,5.651578133537257e-16,0.00046468414278880317,0.501265506067741,0.08202472221221692,0.21208043478293492,1.9249759907967923
AS45_6,1.5065842948717056,8.320639552312869e-92,1.114952246740124,2.4082102894912385,7.823822288194295e-14,0.9464084911218918,8.633896560215084e-54,7.801010792278529e-09
AS56_24,1.2145243445638374,0.025381651894118184,2.321843468644897,0.7953858384148209,0.4455626643830534,1.0058965350320197,0.7580340771444739,0.058357798786920385
AS127raw,1.2149027966941652,1.682115735853426,0.5397616719205397,0.1205383606118069,2.852715841153316e-05,0.022295780578018957,0.8258629547414902,2.0188002425967784
AS121raw,2.480269625539079,0.04223160971812038,1.82151112974164,0.3666813060440941,0.03942914592809482,1.3009725865068593e-05,0.4163136464296922,2.3947631478403394e-06
AS53_18,1.689852013210098,0.09255213412888734,2.4557083985143153,0.5335720803421928,2.0957341344160375e-08,0.13483153022255737,2.720623911988672e-29,1.0952637836956036
AHCNC2ADXX.N710_CGAGGCTG,1.3100335613392036,1.706721469808122,1.1088699079143733,0.14943864993604747,1.9771141901797368e-05,0.18801121786297428,0.2966038225885714,1.2087903534785844
A91_01_1FE,2.43185518522541,0.907249490103065,2.81765370843514e-26,7.207955037636177e-15,1.2797602439755965e-08,1.2033365321066885,3.910055298750492e-08,0.7971884615794651
